-- phpMyAdmin SQL Dump
-- version 5.1.1
-- https://www.phpmyadmin.net/
--
-- Host: localhost:8889
-- Generation Time: Dec 02, 2022 at 03:16 PM
-- Server version: 5.7.34
-- PHP Version: 7.4.21

SET SQL_MODE = "NO_AUTO_VALUE_ON_ZERO";
START TRANSACTION;
SET time_zone = "+00:00";


/*!40101 SET @OLD_CHARACTER_SET_CLIENT=@@CHARACTER_SET_CLIENT */;
/*!40101 SET @OLD_CHARACTER_SET_RESULTS=@@CHARACTER_SET_RESULTS */;
/*!40101 SET @OLD_COLLATION_CONNECTION=@@COLLATION_CONNECTION */;
/*!40101 SET NAMES utf8mb4 */;

--
-- Database: `kilbrunazon`
--

DELIMITER $$
--
-- Procedures
--
CREATE DEFINER=`root`@`localhost` PROCEDURE `getBday` ()  BEGIN
    SELECT
        emp_id, emp_birthdate, emp_num, emp_name, emp_salary, dep_id, boss_id, emp_emergrelation, emp_NIN 
    FROM
        Employee
    WHERE
        SUBSTR(emp_birthdate,4,2)=MONTH(CURRENT_DATE());
END$$

DELIMITER ;

-- --------------------------------------------------------

--
-- Table structure for table `Audit`
--

CREATE TABLE `Audit` (
  `aud_id` int(11) NOT NULL,
  `emp_num` varchar(30) NOT NULL,
  `aud_date` datetime NOT NULL,
  `boss_id` int(11) NOT NULL
) ENGINE=InnoDB DEFAULT CHARSET=utf8;

--
-- Dumping data for table `Audit`
--

INSERT INTO `Audit` (`aud_id`, `emp_num`, `aud_date`, `boss_id`) VALUES
(18, '55-3623151', '2022-12-02 14:48:34', 12),
(19, '71-7374760', '2022-12-02 14:57:07', 232),
(20, '49-2217652', '2022-12-02 15:00:42', 257);

-- --------------------------------------------------------

--
-- Table structure for table `Department`
--

CREATE TABLE `Department` (
  `dep_id` int(11) NOT NULL,
  `dep_num` varchar(30) NOT NULL,
  `dep_name` varchar(30) NOT NULL,
  `manager_id` int(11) NOT NULL
) ENGINE=InnoDB DEFAULT CHARSET=utf8;

--
-- Dumping data for table `Department`
--

INSERT INTO `Department` (`dep_id`, `dep_num`, `dep_name`, `manager_id`) VALUES
(1, 'H1', 'HR', 12),
(2, 'M2', 'Managers', 53),
(3, 'D3', 'Drivers', 94),
(4, 'P4', 'Packagers', 175);

-- --------------------------------------------------------

--
-- Table structure for table `Employee`
--

CREATE TABLE `Employee` (
  `emp_id` int(11) NOT NULL,
  `emp_num` varchar(30) NOT NULL,
  `emp_name` varchar(30) NOT NULL,
  `emp_address` varchar(30) NOT NULL,
  `emp_birthdate` varchar(30) NOT NULL,
  `emp_NIN` varchar(30) NOT NULL,
  `emp_salary` varchar(30) NOT NULL,
  `emp_emergname` varchar(30) NOT NULL,
  `emp_emergrelation` varchar(30) NOT NULL,
  `emp_emergphone` varchar(30) NOT NULL,
  `dep_id` int(11) NOT NULL,
  `boss_id` varchar(11) DEFAULT NULL,
  `workspace_id` int(11) DEFAULT NULL
) ENGINE=InnoDB DEFAULT CHARSET=utf8;

--
-- Dumping data for table `Employee`
--

INSERT INTO `Employee` (`emp_id`, `emp_num`, `emp_name`, `emp_address`, `emp_birthdate`, `emp_NIN`, `emp_salary`, `emp_emergname`, `emp_emergrelation`, `emp_emergphone`, `dep_id`, `boss_id`, `workspace_id`) VALUES
(1, '22-3708071', 'Rab Feast', '9503 Buell Drive', '01/04/1986', 'rb499211c', '£30,397.56 ', 'Jereme Slayford', 'Girlfriend', '07721 065 357', 1, '12', 1),
(3, '40-5288701', 'Ame Balser', '2282 Sutteridge Lane', '22/01/1998', 'dt545040m', '£71,557.80 ', 'Kipp Lavens', 'Boyfriend', '07489 365 686', 4, '463', 1),
(4, '78-6321379', 'Thea Bradborne', '3118 Lien Circle', '27/09/1967', 'vb943949c', '£35,665.99 ', 'Theo Sheard', 'Mother', '07356 401 825', 3, '460', 1),
(5, '41-3659990', 'Ruperta Stobie', '2825 Pepper Wood Center', '17/09/1976', 'qf137469l', '£83,681.20 ', 'Joly Doram', 'Girlfriend', '07106 575 891', 4, '257', 1),
(6, '43-8492699', 'Hortense Berecloth', '2 Barby Parkway', '29/07/1987', 'zt656754o', '£38,548.00 ', 'Baird Fingleton', 'Boyfriend', '07789 751 694', 3, '392', 1),
(7, '68-4171892', 'Yoshi Peakman', '641 Warner Point', '06/03/1953', 'to907441w', '£20,293.38 ', 'Patty Horsburgh', 'Husband', '07924 918 978', 4, '463', 1),
(8, '72-5913162', 'Rudolfo Norridge', '22 Golf Court', '24/08/1968', 'du615694i', '£37,428.03 ', 'Frazier Snelman', 'Boyfriend', '07235 513 354', 4, '461', 1),
(9, '31-7167962', 'Rochell O\'Doohaine', '1802 Hayes Court', '08/11/1973', 'rz111360g', '£25,471.21 ', 'Regan Yarn', 'Mother', '07967 811 408', 4, '53', 1),
(10, '55-0320348', 'Granville McKitterick', '04 Rieder Parkway', '20/02/1965', 'dr180938w', '£83,664.78 ', 'Zita Stanborough', 'Mother', '07532 693 273', 3, '461', 3),
(11, '59-8314806', 'Scotty Keson', '14 Kipling Point', '12/08/1967', 'gx924268x', '£67,107.29 ', 'Norrie Aggis', 'Husband', '07390 692 263', 4, '198', 1),
(12, '66-0739491', 'Latashia McGaugan', '1386 Artisan Parkway', '08/07/1992', 'nz662678p', '£58,941.46 ', 'Eada Silmon', 'Wife', '07007 182 872', 2, '', 1),
(13, '98-1678319', 'Lamar Chesters', '2234 Heffernan Place', '01/02/1952', 'wh660279o', '£97,090.47 ', 'Maryjo Elgie', 'Wife', '07007 723 133', 3, '274', 1),
(14, '30-1322103', 'Earl Wagerfield', '34 Lillian Center', '05/04/1998', 'zw251674d', '£91,770.28 ', 'Bastian Walliker', 'Civil Partner', '07695 349 556', 4, '382', 1),
(15, '07-4517183', 'Emanuele Strickland', '3772 Dawn Drive', '14/04/1967', 'qy726870d', '£33,027.23', 'Winfred Moncey', 'Wife', '07231 462 728.', 1, '12', 1),
(16, '05-1945849', 'Cherilyn Jepps', '062 Nevada Parkway', '30/10/1971', 'xz796669h', '£85,550.33 ', 'Michaelina Brahms', 'Civil Partner', '07996 211 011', 3, '94', 1),
(17, '36-7073092', 'Thelma Wilkie', '113 Badeau Plaza', '01/10/1984', 'bl221585z', '£32,280.23 ', 'Tabbitha Shemmans', 'Wife', '07625 474 049', 4, '232', 1),
(18, '86-2503827', 'Nikola Henbury', '8116 Erie Junction', '28/03/1968', 'cz046288u', '£95,300.54 ', 'Jone Tatersale', 'Mother', '07761 255 990', 3, '198', 1),
(19, '29-7832408', 'Lexine Joney', '73817 Muir Court', '07/04/1974', 'pk696816m', '£19,232.41 ', 'Quinn Goodfellow', 'Husband', '07755 486 861', 4, '232', 1),
(20, '35-8208617', 'Sayre Simnel', '761 Kennedy Lane', '19/05/1952', 'jr596419t', '£72,894.00 ', 'Flory Billham', 'Husband', '07184 248 686', 4, '392', 1),
(21, '43-2037577', 'Leisha Mieville', '027 Clarendon Center', '23/11/1950', 'nj080641o', '£68,826.28 ', 'Alyosha Halewood', 'Boyfriend', '07204 386 023', 3, '274', 1),
(22, '50-9092071', 'Jodie Busswell', '8 Pepper Wood Avenue', '07/12/1958', 'qz236393m', '£14,441.41 ', 'Simone Kitchenman', 'Father', '07958 325 944', 4, '94', 1),
(23, '75-6520267', 'Truda Edleston', '37994 Green Ridge Drive', '07/03/1966', 'lp500272n', '£23,646.90 ', 'Tyler Rowsell', 'Wife', '07753 973 466', 3, '461', 1),
(24, '12-5128654', 'Hadlee Stealey', '0 4th Court', '17/11/1997', 'tf577069v', '£52,510.07 ', 'Renee Kubatsch', 'Mother', '07643 213 336', 4, '175', 1),
(25, '10-4168432', 'Robinetta Triswell', '5 Independence Trail', '29/09/1956', 'eu934314q', '£74,033.43 ', 'Ivett Rapier', 'Boyfriend', '07016 239 710', 4, '257', 1),
(26, '85-7718619', 'Rhody Yaxley', '90344 Merrick Crossing', '24/01/1983', 'of102924m', '£98,055.42 ', 'Margot Santos', 'Girlfriend', '07915 649 295', 1, '382', 1),
(27, '61-9391449', 'Lester Carmo', '6 Buell Trail', '02/02/1997', 'mt812263o', '£37,061.26 ', 'Alis Plaster', 'Father', '07547 928 939', 3, '461', 1),
(28, '59-6274425', 'Talbert Abbotts', '29565 Jenifer Court', '13/08/1996', 'ae100121f', '£92,884.08 ', 'Jon McAlester', 'Husband', '07015 001 355', 4, '232', 1),
(29, '53-7191465', 'Delila Folland', '5993 Warner Park', '27/11/1955', 'vk993165i', '£32,281.47 ', 'Cori Phillipps', 'Husband', '07572 306 041', 3, '382', 1),
(30, '30-2374884', 'Felicdad Escala', '26 Holy Cross Place', '27/11/1976', 'ei636866y', '£22,260.80 ', 'Alonzo Whilder', 'Boyfriend', '07404 498 162', 3, '257', 1),
(31, '40-0786243', 'Oswell Beddingham', '12989 Village Green Street', '24/04/1953', 'lh106861m', '£97,980.89 ', 'Leslie Keningham', 'Father', '07765 606 938', 1, '257', 1),
(32, '50-0945563', 'Ashbey England', '3 Oneill Crossing', '18/09/1979', 'uj306006a', '£66,223.46 ', 'Tim Stiff', 'Girlfriend', '07764 772 037', 3, '257', 1),
(33, '45-3951342', 'Chris Skittrell', '174 Namekagon Court', '23/08/1986', 'io334297g', '£80,039.37 ', 'Arthur Landsborough', 'Mother', '07679 670 222', 1, '94', 1),
(34, '66-7576883', 'Dur Janodet', '91175 Northland Hill', '17/04/1950', 'jd412382q', '£54,589.37 ', 'Golda Preston', 'Father', '07636 377 875', 3, '463', 1),
(35, '06-9710935', 'Wileen Elwell', '82 Tennyson Alley', '21/09/1991', 'no969473z', '£78,678.52 ', 'Stevy Cestard', 'Husband', '07510 562 958', 4, '463', 1),
(36, '14-1209073', 'Cheri Cancellieri', '97763 Anhalt Way', '07/09/1993', 'fj377449j', '£62,678.28 ', 'Leesa Bonhome', 'Wife', '07668 929 915', 3, '463', 1),
(38, '67-5029558', 'Gianina Leppington', '1 Jenifer Park', '27/05/1979', 've628368y', '£77,499.37 ', 'Joycelin Mushet', 'Father', '07772 470 745', 1, '232', 1),
(39, '98-4762907', 'Nari Crawshaw', '40 Debra Center', '21/03/1992', 'kd444344u', '£91,733.92 ', 'Ewart Benton', 'Civil Partner', '07888 475 034', 3, '461', 1),
(40, '69-0803348', 'Editha Anney', '271 Browning Plaza', '23/08/2001', 'mk604551h', '£67,023.77 ', 'Lloyd Pidon', 'Boyfriend', '07416 146 403', 3, '460', 1),
(41, '03-3544565', 'Feodor Inge', '5 Knutson Plaza', '03/12/1961', 'en390360s', '£91,614.47 ', 'Nolie Turfitt', 'Boyfriend', '07872 652 134', 4, '198', 1),
(42, '90-1403954', 'Jeffy Camel', '067 Columbus Street', '19/11/1987', 'ql321121l', '£78,815.19 ', 'Vinnie Parr', 'Father', '07792 234 252', 4, '461', 1),
(43, '76-3367992', 'Pammy Sterling', '466 Northfield Alley', '21/04/1966', 'sj533699h', '£86,046.49 ', 'Milty Corney', 'Husband', '07432 348 532', 3, '248', 1),
(44, '20-2758343', 'Harrison Waller-Bridge', '73899 Sachtjen Alley', '25/04/1991', 'dw797814s', '£39,846.48 ', 'Alaine Gozney', 'Girlfriend', '07874 802 135', 1, '257', 1),
(45, '05-1128789', 'Paulita Casewell', '18 Riverside Trail', '15/06/1995', 'ds948250k', '£73,099.76 ', 'Bambie Bennell', 'Father', '07411 921 600', 3, '461', 1),
(46, '33-7614004', 'Modesty Chicchelli', '74 Bashford Pass', '22/01/1961', 'zz664726s', '£23,376.55 ', 'Antoine De Caville', 'Father', '07676 274 711', 4, '12', 1),
(47, '41-6555988', 'Marwin Raybould', '925 Novick Lane', '31/05/1983', 'dp016938u', '£51,081.29 ', 'Margette Osman', 'Girlfriend', '07794 678 823', 1, '12', 1),
(48, '16-0283796', 'Delphinia Skelhorn', '115 Cody Point', '29/08/1969', 'mx935884p', '£91,026.23 ', 'Zita Greasty', 'Father', '07672 610 977', 3, '461', 1),
(49, '90-0686303', 'Ludovika Blucher', '0141 Forest Alley', '13/01/1956', 'sk016695u', '£59,728.01 ', 'Wain Savine', 'Civil Partner', '07473 391 474', 4, '232', 1),
(50, '72-7823438', 'Adrienne Myall', '9 Oneill Place', '11/08/1972', 'uv348158a', '£31,683.24 ', 'Taylor Screach', 'Civil Partner', '07029 866 049', 3, '461', 1),
(51, '29-6571924', 'Arne Bosson', '77803 Messerschmidt Park', '28/01/2001', 'ux813250n', '£73,371.57 ', 'Haroun Izakovitz', 'Husband', '07369 136 446', 4, '198', 1),
(52, '75-0958781', 'Velvet Carbine', '682 Kensington Drive', '12/04/1987', 'of014519k', '£31,440.81 ', 'Lorri Elkington', 'Girlfriend', '07692 074 959', 3, '257', 1),
(53, '83-4865660', 'Jase Fulk', '80 Pennsylvania Center', '29/03/1984', 'ak984038n', '£90,529.95 ', 'Rosabella Howlin', 'Father', '07545 233 448', 2, '', 1),
(54, '10-6127924', 'Joshuah Faircliffe', '8 Merry Center', '16/09/1992', 'ft026339d', '£30,666.21 ', 'Freddie Lorie', 'Husband', '07975 207 662', 4, '274', 1),
(55, '63-9116461', 'Aylmer Gabbatiss', '8828 Blue Bill Park Avenue', '20/09/1950', 'qj799086z', '£27,880.52 ', 'Paxton Aspole', 'Boyfriend', '07789 380 331', 1, '463', 1),
(56, '52-0404205', 'Pierce Kemp', '63008 Raven Place', '29/06/1984', 'dd271029j', '£82,902.41 ', 'Seumas Ivantsov', 'Husband', '07643 549 188', 4, '248', 1),
(57, '22-9529013', 'Reginauld Oak', '8 Pleasure Drive', '25/03/1955', 'ju954932e', '£80,693.80 ', 'Hieronymus Eldon', 'Mother', '07315 598 289', 4, '198', 1),
(58, '58-8249246', 'Maggi Hamshar', '92344 Main Avenue', '19/04/1950', 'rb919501k', '£34,269.41 ', 'Theresina Tring', 'Civil Partner', '07536 036 354', 3, '175', 1),
(59, '80-6524018', 'Ambur Challenor', '2 Morning Crossing', '17/09/1955', 'tn459758p', '£47,033.97 ', 'Eilis Domenici', 'Civil Partner', '07141 393 691', 4, '257', 1),
(60, '30-3058947', 'Hettie Broadbent', '5 Rowland Road', '29/05/1950', 'an167975t', '£74,439.57 ', 'Paten Velten', 'Husband', '07747 283 371', 4, '182', 1),
(61, '44-4915402', 'Phaidra Ivey', '46 Toban Lane', '02/01/1970', 'yg637206i', '£61,580.95 ', 'Franz Barribal', 'Mother', '07304 601 591', 3, '461', 1),
(62, '39-4788866', 'Phillida Musicka', '111 Twin Pines Center', '22/10/1973', 'pg674068r', '£84,543.42 ', 'Coleen McPhater', 'Father', '07695 675 287', 4, '175', 1),
(63, '60-9203590', 'Shoshana Downie', '8416 Carberry Crossing', '02/05/1998', 'ee740085i', '£83,867.01 ', 'Montague Giles', 'Girlfriend', '07602 582 994', 4, '248', 1),
(64, '60-1691051', 'Winnah Gillott', '40711 Dayton Plaza', '31/12/1982', 'qv299811c', '£48,040.51 ', 'Amabelle McFaell', 'Mother', '07406 136 450', 4, '461', 1),
(65, '67-7636850', 'Felice Plaide', '0617 Daystar Drive', '05/03/1953', 'vl606950t', '£58,909.33 ', 'Codee Hurndall', 'Boyfriend', '07296 394 678', 3, '248', 1),
(66, '15-5837614', 'Loren Kupper', '24 West Plaza', '10/07/1999', 'tx310999b', '£92,010.30 ', 'Lazarus Pomeroy', 'Boyfriend', '07288 097 464', 3, '274', 1),
(67, '45-6995640', 'Sigfrid Mankor', '9773 Old Shore Way', '13/07/1997', 'fi299116a', '£12,758.05 ', 'Troy Connock', 'Boyfriend', '07603 307 243', 3, '392', 1),
(68, '97-9018441', 'Morganica Dracksford', '867 Pierstorff Hill', '03/08/1986', 'po115732f', '£91,483.69 ', 'Rorie Silverton', 'Civil Partner', '07675 154 777', 3, '248', 1),
(69, '02-1151200', 'Bax Di Gregorio', '34063 Fordem Way', '13/01/1983', 'kt775367m', '£76,631.69 ', 'Eb Ludlem', 'Boyfriend', '07258 306 130', 3, '177', 1),
(70, '62-6894804', 'Merrie Stayt', '0 Manufacturers Alley', '04/10/1995', 'cq847516d', '£39,159.86 ', 'Sumner Armer', 'Civil Partner', '07124 699 528', 4, '12', 1),
(71, '99-0222188', 'Lonnie Niessen', '754 Lien Road', '12/04/1977', 'gb123108s', '£95,600.64 ', 'Ashley Jeenes', 'Wife', '07512 219 266', 4, '198', 1),
(72, '29-5105992', 'Borg Szymanzyk', '41 Amoth Crossing', '26/02/1998', 'hm134578n', '£77,828.80 ', 'Bobby Breslin', 'Boyfriend', '07156 132 741', 3, '12', 1),
(73, '11-9162644', 'Ninnette Reach', '018 2nd Parkway', '11/04/2002', 'qi586048l', '£33,411.86 ', 'Gerry Bastone', 'Boyfriend', '07831 515 385', 3, '461', 1),
(74, '73-7147493', 'Chelsea Robertucci', '94833 Northview Way', '28/12/1956', 'df426741g', '£78,083.27 ', 'Alysa Bonavia', 'Husband', '07998 104 368', 3, '392', 1),
(75, '16-1242322', 'Gris Elington', '12 School Way', '30/12/1963', 'sp696523t', '£40,776.94 ', 'Jon Guisby', 'Boyfriend', '07770 964 956', 3, '182', 1),
(76, '09-4856118', 'Sofie Cavaney', '12677 Northridge Alley', '24/10/1966', 'hg982259y', '£19,096.73 ', 'Krisha Mingasson', 'Mother', '07594 793 358', 3, '392', 1),
(77, '24-4677621', 'Derril Scaife', '4 Tony Street', '08/01/1965', 'qb596623c', '£82,281.31 ', 'Inness Hendrick', 'Father', '07196 056 242', 4, '198', 1),
(78, '06-0280761', 'Odey Smeeth', '46584 Kedzie Point', '23/07/2000', 'rz638367h', '£97,871.00 ', 'Troy Danielis', 'Boyfriend', '07543 372 808', 1, '392', 1),
(79, '97-3138911', 'Alvina Paterno', '09 Golf Drive', '21/06/1986', 'ao592540g', '£23,002.76 ', 'Sal Bruckstein', 'Wife', '07113 310 488', 3, '12', 1),
(80, '36-4580826', 'Olivia MacPhee', '09 Saint Paul Point', '01/02/1963', 'dj312271a', '£85,391.76 ', 'Trey Shannon', 'Husband', '07275 260 538', 3, '460', 1),
(81, '93-5928498', 'Sukey Roddan', '5 Gulseth Center', '06/04/1979', 'ik578743b', '£18,304.57 ', 'Wanids Dunckley', 'Boyfriend', '07415 773 406', 4, '232', 1),
(82, '75-8250680', 'Conney Ferras', '43048 American Ash Hill', '19/07/1993', 'us717372t', '£93,389.40 ', 'Dagmar Ranahan', 'Mother', '07367 105 969', 4, '460', 1),
(83, '34-8601206', 'Dulcia Antonutti', '9 Kingsford Plaza', '19/07/1996', 'za364662q', '£61,015.90 ', 'Pandora Furnell', 'Husband', '07519 157 083', 3, '274', 1),
(84, '59-1166943', 'Parker Filippov', '9 Granby Terrace', '05/03/1995', 'xp081647h', '£65,946.54 ', 'Rora Windross', 'Boyfriend', '07964 139 091', 4, '392', 1),
(85, '17-5831110', 'Viviana Dreschler', '3 Oak Terrace', '28/11/1954', 'vx435216w', '£56,587.83 ', 'Hurley Nadin', 'Husband', '07141 801 105', 3, '198', 1),
(86, '19-1277494', 'Perice Abramovitz', '2354 Jenifer Place', '30/09/1964', 'bs437833j', '£55,612.48 ', 'Sella Ronca', 'Civil Partner', '07235 827 256', 4, '461', 1),
(87, '55-6072477', 'Waring Durkin', '9597 Towne Center', '07/03/1984', 'mg195096h', '£82,140.98 ', 'Paolina Rosenwasser', 'Wife', '07405 739 948', 4, '94', 1),
(88, '42-0717807', 'Robin Bartkowiak', '5559 Shelley Circle', '14/07/1988', 'mu698813c', '£89,053.24 ', 'Rollo Olczak', 'Mother', '07268 021 034', 4, '248', 1),
(89, '57-4162757', 'Beulah Vala', '07601 Sunfield Hill', '09/09/1951', 'ro435900h', '£37,954.91 ', 'Scarlet Maps', 'Girlfriend', '07959 819 817', 4, '274', 1),
(90, '68-5871521', 'Bearnard Parysowna', '60052 Monument Alley', '08/09/1985', 'vg613456a', '£85,175.33 ', 'Ernestine Syne', 'Father', '07699 779 427', 3, '392', 1),
(91, '57-7596762', 'Joelie Bacchus', '0374 Pawling Hill', '09/10/1978', 'ok001999u', '£14,722.35 ', 'Emmy Giraldo', 'Boyfriend', '07456 139 081', 3, '274', 1),
(92, '94-4705277', 'Orton Willmore', '4 Pine View Street', '31/01/1985', 'xh603239m', '£14,870.36 ', 'Timothy Reck', 'Civil Partner', '07149 504 735', 3, '177', 1),
(93, '63-6111701', 'Fayre Tomney', '1506 Ryan Point', '23/07/1979', 'ia005234g', '£58,829.33 ', 'Berty Brimblecomb', 'Girlfriend', '07765 565 720', 3, '461', 1),
(94, '74-0303597', 'Bria Thomkins', '7 Homewood Road', '01/04/1952', 'tx085395s', '£88,871.61 ', 'Reed Easterfield', 'Civil Partner', '07523 340 134', 2, '', 1),
(95, '76-4036199', 'Noni Szymoni', '6 Kedzie Circle', '09/02/1959', 'yl605202h', '£90,864.71 ', 'Joyce Jaynes', 'Civil Partner', '07184 014 200', 4, '177', 1),
(96, '41-3975053', 'Felipe Ferschke', '5508 Hauk Terrace', '25/12/1986', 'pu346240t', '£63,359.81 ', 'Sibyl Mabson', 'Civil Partner', '07924 859 819', 1, '94', 1),
(97, '17-1342407', 'Mala Eyree', '6 Dorton Circle', '14/07/1993', 'kf326923s', '£24,532.92 ', 'Traci Hammersley', 'Wife', '07950 182 116', 3, '257', 1),
(98, '52-1336694', 'Renaldo Fussey', '7 Northland Street', '11/04/1955', 'nz535691o', '£46,099.86 ', 'Gloriana McFade', 'Husband', '07061 354 829', 3, '382', 1),
(99, '63-0638100', 'Edd Speere', '812 High Crossing Junction', '05/01/1950', 'au549358u', '£13,662.80 ', 'Kristopher Pawfoot', 'Boyfriend', '07623 018 398', 4, '175', 1),
(100, '26-3324931', 'Nelle Thams', '04 Weeping Birch Junction', '16/12/1982', 'qj455525d', '£12,571.28 ', 'Jaime Picford', 'Mother', '07745 996 565', 3, '175', 1),
(101, '85-3334513', 'Benita Taffarello', '89784 Hollow Ridge Avenue', '24/11/1991', 'op270447a', '£58,884.21 ', 'Bron Danby', 'Mother', '07385 290 163', 3, '182', 1),
(102, '40-2208062', 'Sonny Tabrett', '25326 Briar Crest Hill', '29/01/1989', 'zs026946u', '£62,818.83 ', 'Bibbie Tradewell', 'Wife', '07829 257 797', 4, '177', 1),
(103, '35-6685131', 'Shaw Brandsen', '55545 Toban Trail', '22/10/1974', 'ps562104c', '£47,949.95 ', 'Ada Vaissiere', 'Girlfriend', '07065 792 686', 3, '274', 1),
(104, '53-0431396', 'Demetrius Lowmass', '8 Stone Corner Crossing', '24/07/1968', 'wd175217c', '£99,061.45 ', 'Emelen Spender', 'Father', '07345 326 453', 3, '382', 1),
(105, '59-4684006', 'Angie Waddams', '82 Truax Crossing', '10/01/1996', 'df003975r', '£62,378.68 ', 'Husain Yerborn', 'Civil Partner', '07241 523 713', 4, '232', 1),
(106, '20-5440287', 'Doralyn Freemantle', '33 Gateway Crossing', '11/05/1994', 'oj166622v', '£36,023.61 ', 'Adena Vasyuchov', 'Husband', '07515 558 479', 3, '198', 1),
(107, '69-0536291', 'Jaime Woolhouse', '59 Jenna Park', '01/05/1977', 'dz195791x', '£34,370.50 ', 'Denys Tuckwood', 'Father', '07099 769 526', 4, '463', 1),
(108, '14-9076003', 'Padgett Casel', '3552 Towne Road', '02/06/1956', 'ws394988s', '£61,058.36 ', 'Nathalia Frake', 'Boyfriend', '07568 334 465', 3, '182', 1),
(109, '83-5537250', 'Arly Bartolommeo', '759 Esch Way', '12/02/1960', 'la176569w', '£67,921.89 ', 'Dickie Prophet', 'Wife', '07596 027 218', 4, '198', 1),
(110, '60-7601093', 'Elnar Tabrett', '280 Drewry Way', '15/03/1963', 'rf462586d', '£85,741.90 ', 'Shara Bernardy', 'Mother', '07045 228 558', 1, '248', 1),
(111, '70-2965789', 'Lyell Brannan', '7 Anzinger Center', '05/09/1984', 'sv922230q', '£49,943.14 ', 'Domingo Zuppa', 'Boyfriend', '07642 910 675', 3, '463', 1),
(112, '84-3457422', 'Ernestus Dewsnap', '937 Springs Road', '14/09/1963', 'xe947994r', '£65,304.51 ', 'Dixie Glazebrook', 'Mother', '07427 129 714', 3, '392', 1),
(113, '93-0686984', 'Dirk Perrott', '679 Summer Ridge Road', '17/10/1995', 'jc445141x', '£82,551.62 ', 'Sansone Harragin', 'Mother', '07946 591 368', 3, '382', 1),
(114, '36-6348131', 'Tedda Daggett', '12 Lindbergh Place', '30/05/1989', 'bm829464z', '£25,694.32 ', 'Stanley Duffitt', 'Boyfriend', '07136 718 165', 4, '460', 1),
(115, '71-3652304', 'Esteban Ziemen', '4832 Pankratz Road', '01/07/1956', 'wc844307p', '£16,929.76 ', 'Ilyse Schultheiss', 'Wife', '07228 818 773', 3, '460', 1),
(116, '81-4865027', 'Annette Josephs', '532 Kipling Place', '07/03/1960', 'vk802431y', '£46,710.64 ', 'Rouvin Von Oertzen', 'Mother', '07950 739 212', 3, '460', 1),
(117, '85-5431069', 'Marney Kolak', '5 Merrick Road', '15/10/1978', 'xb125807v', '£97,251.70 ', 'Murielle Suett', 'Husband', '07932 036 011', 1, '12', 1),
(118, '56-4309508', 'Tessy Cartan', '75834 Burning Wood Parkway', '04/02/1985', 'of985665x', '£85,017.74 ', 'Conway Howman', 'Husband', '07285 064 810', 4, '94', 1),
(119, '97-5683996', 'Cornie Hub', '564 Muir Alley', '01/04/1999', 'vs049545n', '£13,017.59 ', 'Darci Milbourne', 'Civil Partner', '07035 959 026', 3, '175', 1),
(120, '60-2276889', 'Ransell Seakings', '1 Ramsey Park', '22/07/1995', 'uu534964w', '£43,734.59 ', 'Monro Piatkowski', 'Girlfriend', '07439 078 961', 4, '392', 1),
(121, '51-7315582', 'Kathy Goodnow', '24494 Kenwood Alley', '05/05/1988', 'dn632963a', '£94,364.48 ', 'Braden Sabben', 'Girlfriend', '07264 110 068', 3, '392', 1),
(122, '65-7661186', 'Lombard Debling', '36 Mayer Drive', '13/01/1989', 'jb039257n', '£53,121.90 ', 'Ross Little', 'Father', '07811 367 312', 4, '198', 1),
(123, '76-2727093', 'Nesta Dottrell', '6 Ridgeway Court', '26/04/1981', 'mg608324j', '£71,905.32 ', 'Joe MacCleay', 'Mother', '07329 779 233', 3, '177', 1),
(124, '18-0534773', 'Alix Ambrogelli', '60 North Place', '22/10/1960', 'ny144248g', '£62,229.76 ', 'Harrietta Arpin', 'Mother', '07469 896 525', 4, '460', 1),
(125, '57-1609142', 'Jilly Skirvane', '4227 Darwin Circle', '27/04/1961', 'md982609a', '£91,296.52 ', 'Gearard Lindback', 'Father', '07918 823 802', 4, '198', 1),
(126, '29-6656577', 'Lynne Muccino', '65 Northland Avenue', '27/05/1960', 'rg151568q', '£63,251.24 ', 'Mose Pulham', 'Boyfriend', '07818 864 970', 3, '177', 1),
(127, '12-8760096', 'Mallorie De Brett', '1 Lillian Drive', '25/05/1987', 'gb976841w', '£27,166.70 ', 'Thain Kellard', 'Boyfriend', '07540 241 186', 4, '257', 1),
(128, '22-3052971', 'Giorgia McCrohon', '80323 Myrtle Court', '09/02/1984', 'jk018371c', '£91,699.68 ', 'Goddard Schenkel', 'Boyfriend', '07248 542 532', 3, '198', 1),
(129, '33-0489054', 'Onfre Woolmore', '7868 Pearson Hill', '22/11/1983', 'xa033094e', '£61,377.23 ', 'Erie Wardingly', 'Civil Partner', '07055 738 740', 4, '175', 1),
(130, '52-4567561', 'Braden Wigin', '9641 Loftsgordon Park', '31/10/1983', 'lc856388d', '£85,761.99 ', 'Leia MacMearty', 'Father', '07525 541 001', 4, '382', 1),
(131, '97-5558458', 'Sarina Kalb', '565 Annamark Alley', '14/11/1950', 'qu905290s', '£45,859.99 ', 'Perla Sokill', 'Girlfriend', '07455 033 890', 4, '94', 1),
(132, '34-2543597', 'Rodina Ofener', '5556 Schmedeman Court', '13/07/1973', 'dy170889s', '£92,118.32 ', 'Megen Vynall', 'Wife', '07100 762 873', 4, '382', 1),
(133, '79-0464882', 'Lia Hargreaves', '721 Graceland Alley', '03/08/1995', 'dt884304c', '£13,755.82 ', 'Becka Card', 'Father', '07503 035 492', 3, '248', 1),
(134, '04-2758260', 'Simeon Dilworth', '749 Summit Circle', '10/04/1974', 'ql275702i', '£63,320.02 ', 'Filberto Railton', 'Wife', '07719 120 956', 3, '177', 1),
(135, '38-9798664', 'Minor Bennion', '9756 Cottonwood Lane', '14/07/1958', 'fl067205y', '£17,020.16 ', 'Calv Alelsandrovich', 'Boyfriend', '07717 918 115', 3, '274', 1),
(136, '18-3911956', 'Rafferty Edowes', '96 Helena Crossing', '24/07/1988', 'yk522444d', '£41,496.02 ', 'Francene Licquorish', 'Husband', '07831 756 132', 1, '463', 1),
(137, '45-7500187', 'Juditha Pesterfield', '076 Heath Drive', '19/10/1952', 'zf490474b', '£37,428.34 ', 'Agnella Wyman', 'Husband', '07269 336 319', 3, '12', 1),
(138, '55-9616651', 'Murdock Linsay', '8 Shelley Terrace', '08/12/1992', 'tn328405l', '£55,605.57 ', 'Fae Whales', 'Boyfriend', '07698 294 787', 4, '382', 1),
(139, '31-8312411', 'Georgine Winspare', '2732 Cottonwood Way', '10/10/1966', 'eo514879y', '£50,921.83 ', 'Nickolaus Riepel', 'Girlfriend', '07194 463 040', 3, '382', 1),
(140, '33-7183053', 'Lucinda McGhee', '625 Mitchell Point', '26/03/1981', 'nn735991o', '£53,031.50 ', 'Jacquette Cardenosa', 'Civil Partner', '07642 004 857', 1, '12', 1),
(141, '72-3040567', 'Tanney Marques', '9382 Prairie Rose Alley', '19/02/1966', 'no949821c', '£70,585.82 ', 'Joel Laxson', 'Girlfriend', '07781 001 495', 4, '94', 1),
(142, '02-9566746', 'Dud Firman', '467 Lighthouse Bay Junction', '08/08/1961', 'xs400698x', '£35,155.65 ', 'Forster Naisby', 'Civil Partner', '07236 732 030', 4, '463', 1),
(143, '06-3396053', 'Hayes Butting', '120 Lotheville Pass', '26/09/1958', 'jm300330r', '£50,125.67 ', 'Margot Barabich', 'Boyfriend', '07585 007 222', 4, '232', 1),
(144, '21-1787461', 'Stefa Stringman', '3 Lake View Lane', '09/12/1987', 'qn206371i', '£76,206.39 ', 'Brittan Rubroe', 'Girlfriend', '07620 851 960', 3, '463', 1),
(145, '32-4834306', 'Andra Bamfield', '9799 Russell Crossing', '08/12/1967', 'rw267230v', '£59,706.55 ', 'Corabella Bitten', 'Boyfriend', '07918 827 977', 3, '198', 1),
(146, '62-7120162', 'Fanni Melrose', '33 Sutteridge Parkway', '10/06/1962', 'na997468x', '£97,520.73 ', 'Malissa Scurrah', 'Wife', '07189 813 349', 3, '382', 1),
(147, '77-7401728', 'Cloris Truckell', '84521 Pearson Street', '03/05/1995', 'bn687310q', '£72,938.51 ', 'Eben Samms', 'Wife', '07923 010 205', 3, '232', 1),
(148, '50-6111855', 'Shepard Johansson', '22 Hudson Trail', '24/07/1986', 'ng987509r', '£86,414.16 ', 'Matias Ruckert', 'Girlfriend', '07792 360 390', 4, '232', 1),
(149, '64-6879023', 'Brose Niece', '18466 Village Green Plaza', '02/02/1964', 'yz865649d', '£74,713.01 ', 'Annette Bydaway', 'Boyfriend', '07670 530 361', 4, '382', 1),
(150, '10-6680137', 'Burnaby McGreay', '55 Hansons Center', '13/09/1971', 'xz020089e', '£54,552.70 ', 'Dion Tolson', 'Mother', '07154 115 530', 3, '198', 1),
(151, '58-0824770', 'Zared Klulicek', '62958 Canary Junction', '22/07/1966', 'hx158296g', '£40,677.89 ', 'Johna Radki', 'Civil Partner', '07783 704 124', 3, '12', 1),
(152, '97-4110845', 'Judah Groomebridge', '1714 Clyde Gallagher Point', '25/10/1959', 'kc825703y', '£52,171.58 ', 'Asher Ferrarotti', 'Civil Partner', '07460 150 758', 1, '461', 1),
(153, '53-9062912', 'Doralynn Suddaby', '4 Springview Plaza', '16/09/1952', 'zh337987i', '£59,458.15 ', 'Roddie O\' Molan', 'Boyfriend', '07464 651 444', 3, '94', 1),
(154, '77-8203719', 'Netta McCabe', '1 Lakewood Gardens Plaza', '26/02/1998', 'vy489059e', '£45,095.62 ', 'Veradis Glidder', 'Girlfriend', '07392 244 305', 3, '274', 1),
(155, '28-4979315', 'Sashenka Artin', '71 Talmadge Drive', '22/09/1982', 'tp697018e', '£36,543.57 ', 'Nichol Rawsthorne', 'Civil Partner', '07508 127 404', 3, '177', 1),
(156, '87-1470903', 'Stafani Clampe', '8 Bultman Avenue', '05/05/1954', 'vu807135v', '£28,092.26 ', 'Toma Van\'t Hoff', 'Boyfriend', '07866 974 051', 4, '177', 1),
(157, '24-6851371', 'Puff Speeding', '22016 New Castle Hill', '12/11/1951', 'mh954487u', '£78,841.84 ', 'Esme MacGlory', 'Girlfriend', '07291 150 140', 3, '382', 1),
(158, '73-6200004', 'Marie Gummoe', '4 Debra Terrace', '31/07/1954', 'kw585002h', '£45,954.79 ', 'Thibaud Bladder', 'Mother', '07357 406 936', 3, '257', 1),
(159, '45-5773014', 'Patric Etienne', '87269 Huxley Place', '24/12/1954', 'nd673205l', '£22,053.53 ', 'Ken Sloane', 'Mother', '07771 820 262', 3, '392', 1),
(160, '46-0059406', 'Marylou McClunaghan', '7 Bluestem Pass', '24/09/1982', 'ys652384q', '£60,710.92 ', 'Paule Willingham', 'Father', '07689 398 886', 4, '248', 1),
(161, '09-2857613', 'Faunie Testo', '903 Pawling Terrace', '02/09/1952', 'yh126921t', '£42,813.15 ', 'Lorrin Morman', 'Boyfriend', '07627 803 411', 3, '182', 1),
(162, '11-6489646', 'Alfie Glasebrook', '5942 Del Mar Court', '25/08/1987', 'kc363601g', '£24,207.50 ', 'Ogden Wynne', 'Father', '07740 998 062', 1, '177', 1),
(163, '99-4615801', 'Meggi Abbado', '3078 Hoffman Junction', '17/02/1966', 'kv498760u', '£50,699.73 ', 'Mikey Vedeniktov', 'Boyfriend', '07326 764 405', 3, '382', 1),
(164, '12-0104092', 'Gerladina MacGinney', '270 Melody Park', '29/12/1992', 'pc545418r', '£26,606.61 ', 'Sibyl Danovich', 'Girlfriend', '07655 343 095', 4, '232', 1),
(165, '10-9736161', 'Pet Littrik', '19 Haas Pass', '01/10/1981', 'fa725896g', '£99,117.25 ', 'Cecil Gathercoal', 'Wife', '07480 391 714', 3, '53', 1),
(166, '49-5299749', 'Vonny Meeny', '06702 Lawn Plaza', '24/01/1982', 'ah996640u', '£83,205.62 ', 'Farleigh Norwich', 'Husband', '07452 090 283', 3, '257', 1),
(167, '61-7469906', 'Demetre Headrick', '98692 Forster Hill', '11/10/1963', 'ns990887t', '£88,965.32 ', 'Conrado Laker', 'Girlfriend', '07004 401 178', 1, '248', 1),
(168, '59-4661298', 'Stearne Stennet', '664 Warrior Drive', '08/04/1993', 'vu851838j', '£37,835.13 ', 'Jenn Sander', 'Wife', '07434 841 982', 1, '182', 1),
(169, '90-9258513', 'Yank Mullan', '94728 5th Center', '25/01/1986', 'is015669m', '£82,932.31 ', 'Cornie Moodie', 'Girlfriend', '07878 023 821', 4, '463', 1),
(170, '95-7092127', 'Dulciana Duxfield', '44249 Westridge Drive', '18/10/1964', 'do305555k', '£62,408.05 ', 'Lee Burt', 'Mother', '07001 392 333', 4, '463', 1),
(171, '90-3945672', 'Lianna Seden', '655 Superior Alley', '19/07/1964', 'jt347163f', '£37,009.12 ', 'Jacenta Slimme', 'Boyfriend', '07903 181 488', 3, '94', 1),
(172, '20-9516100', 'Cordula Redsull', '3 Sullivan Lane', '14/05/1953', 'mu901992i', '£70,412.31 ', 'Noelle Physick', 'Mother', '07224 883 037', 3, '198', 1),
(173, '17-1925809', 'Donella Chinery', '3 Tennessee Street', '12/02/1970', 'xr596082y', '£31,438.66 ', 'Klara Eckford', 'Girlfriend', '07580 481 684', 4, '177', 1),
(174, '56-7734821', 'Micki Wyness', '26 Novick Plaza', '06/12/1974', 'nh139989u', '£38,060.45 ', 'Thedric Kenwright', 'Father', '07519 455 911', 4, '175', 1),
(175, '93-5661312', 'Gordie Gaynesford', '4 Fordem Circle', '24/10/1986', 'hm085014v', '£67,381.57 ', 'Granville Hacket', 'Husband', '07058 101 214', 2, '', 1),
(176, '34-8695852', 'Reg Lanphier', '049 Cambridge Road', '09/12/1979', 'lr289379r', '£93,925.10 ', 'Penelope Hancill', 'Mother', '07018 375 399', 1, '12', 1),
(177, '35-7212754', 'Dorian Claringbold', '7422 Crownhardt Avenue', '18/11/1955', 'uw834458r', '£13,347.31 ', 'Amye Brecknock', 'Mother', '07633 415 279', 2, '', 1),
(178, '12-6888959', 'Benoit Collman', '827 Erie Junction', '12/12/1982', 'yc393041q', '£74,922.96 ', 'Neila Haimes', 'Girlfriend', '07794 407 646', 4, '461', 1),
(179, '31-9709677', 'Heda Cathersides', '7 Laurel Park', '05/10/1995', 'fp198238e', '£32,079.57 ', 'Orelie Balasin', 'Civil Partner', '07971 986 560', 3, '392', 1),
(180, '47-1387266', 'Bevon Gaskoin', '549 Oakridge Avenue', '06/06/2000', 'ce665632s', '£56,671.63 ', 'Bobbette Ruddlesden', 'Civil Partner', '07116 235 571', 4, '463', 1),
(181, '90-6409982', 'Irv Tomsen', '0 Harper Way', '05/08/1995', 'ms059474n', '£66,852.98 ', 'Krissy Clayworth', 'Mother', '07448 190 979', 3, '382', 1),
(182, '87-6633787', 'Vivie Jagels', '77 Dovetail Drive', '06/12/1964', 'sm423704x', '£41,830.50 ', 'Cassandra Merle', 'Mother', '07220 743 776', 2, '', 1),
(183, '13-9234597', 'Katya Ilewicz', '68697 Sutteridge Road', '21/08/1977', 'he783674o', '£62,528.81 ', 'Cull Harraway', 'Mother', '07970 418 060', 4, '12', 1),
(184, '78-4344207', 'Aldridge Kensett', '94 Dunning Trail', '04/12/1987', 'sk062184b', '£86,064.22 ', 'Griffith Witherow', 'Father', '07449 485 950', 3, '177', 1),
(185, '92-9715314', 'Larissa Holtham', '8751 Hoepker Circle', '15/01/1969', 'bt371843i', '£97,254.38 ', 'Frasquito Legerwood', 'Mother', '07484 895 380', 3, '463', 1),
(186, '11-5411031', 'Joaquin Eringey', '890 Brickson Park Circle', '09/03/1959', 'di653042t', '£76,521.21 ', 'Damian Elsworth', 'Wife', '07934 375 220', 3, '392', 1),
(187, '49-1457327', 'Sinclair Byfford', '201 Melody Parkway', '10/12/1981', 'hp128399x', '£50,636.92 ', 'Sallee Hughes', 'Mother', '07731 937 530', 3, '232', 1),
(188, '48-1799687', 'Charissa Peattie', '6497 Haas Park', '23/06/1952', 'lw132386n', '£32,502.37 ', 'Prudi Blum', 'Girlfriend', '07262 636 173', 3, '463', 1),
(189, '69-3965258', 'Archie Godden', '7 Marcy Road', '08/12/1979', 'gk840892x', '£33,511.85 ', 'Goran Lamburn', 'Father', '07304 482 930', 4, '257', 1),
(190, '42-7240015', 'Godfrey Napoleon', '030 Fallview Court', '12/10/1966', 'hg523274c', '£89,542.77 ', 'Brose Jepp', 'Husband', '07935 559 320', 4, '248', 1),
(191, '10-6321236', 'Janot Kleinsinger', '4324 Huxley Point', '05/10/1982', 'vw739034c', '£59,407.49 ', 'Tasha Bromilow', 'Civil Partner', '07666 955 404', 1, '94', 1),
(192, '66-5805863', 'Vincents De Bruijne', '3 Claremont Parkway', '20/03/1983', 'na778983r', '£81,193.24 ', 'Dominick Schirach', 'Girlfriend', '07814 696 449', 3, '232', 1),
(193, '76-0099650', 'Tymon Smeal', '22635 Toban Court', '07/12/1983', 'ww210857j', '£65,314.49 ', 'Phyllys Lamey', 'Boyfriend', '07427 306 598', 3, '232', 1),
(194, '95-1174328', 'Heath Manvell', '77 Westridge Road', '28/02/1970', 'ub404168r', '£29,749.03 ', 'Ham Snalum', 'Father', '07513 042 679', 3, '175', 1),
(195, '33-5159037', 'Ina Farrans', '65968 Fairview Center', '10/03/1952', 'vk466721d', '£67,306.02 ', 'Hollie Hebble', 'Mother', '07399 003 920', 4, '94', 1),
(196, '46-4344763', 'Benny Lander', '86904 Montana Road', '06/01/1991', 'sq353921l', '£88,061.49 ', 'Rorke Biles', 'Father', '07204 662 049', 3, '12', 1),
(197, '22-6627032', 'Brynna Dyble', '0 Bonner Pass', '05/05/1979', 'al340446b', '£23,496.30 ', 'Noland Doret', 'Boyfriend', '07157 222 552', 4, '460', 1),
(198, '33-1897506', 'Verla Seacroft', '0134 Fieldstone Trail', '18/05/2000', 'un133384d', '£52,928.18 ', 'Georgena Clappison', 'Husband', '07584 205 419', 2, '', 1),
(199, '59-0150604', 'Florry Oblein', '5 Elmside Lane', '20/12/1984', 'vv093891d', '£87,584.21 ', 'Casie MacAirt', 'Civil Partner', '07394 653 792', 1, '382', 1),
(200, '14-0432288', 'Marius Brosnan', '94941 Fairfield Terrace', '07/07/1996', 'fp824869e', '£35,816.39 ', 'Palmer Vial', 'Civil Partner', '07277 220 402', 3, '12', 1),
(201, '97-3703178', 'Thatch Kinvig', '9 Fuller Street', '16/03/1983', 'gm065123w', '£31,866.49 ', 'Mike Tiron', 'Girlfriend', '07100 728 296', 1, '257', 1),
(202, '98-9650752', 'Alene Amiss', '07913 Jenna Trail', '25/08/1977', 'hm391563j', '£94,129.62 ', 'Cristina Ervine', 'Civil Partner', '07854 566 028', 4, '460', 1),
(203, '53-6948800', 'Dorothea Trewinnard', '0 Stephen Way', '16/02/1998', 'cd290362a', '£74,486.86 ', 'Arielle Etock', 'Boyfriend', '07312 873 616', 4, '461', 1),
(204, '68-3132421', 'Catlaina McInerney', '19 Aberg Plaza', '03/11/1953', 'pr574429q', '£69,134.66 ', 'Raphaela Fishlee', 'Girlfriend', '07691 368 084', 3, '175', 1),
(205, '45-2811300', 'Veradis Wagstaff', '592 Sullivan Pass', '08/08/1951', 've944995l', '£54,982.88 ', 'Odo Frame', 'Mother', '07142 691 496', 3, '177', 1),
(206, '64-0636526', 'Antonetta Beefon', '68 Blackbird Drive', '17/12/1961', 'hb766263l', '£39,943.08 ', 'Lief Wilhelmy', 'Boyfriend', '07972 492 545', 4, '248', 1),
(207, '04-1386775', 'Omero Hurles', '878 Vidon Point', '25/05/1985', 'zz594734b', '£85,092.27 ', 'Judas Tonn', 'Mother', '07354 878 768', 3, '94', 1),
(208, '19-1079892', 'Charline Saggers', '32 Burning Wood Alley', '26/11/1995', 'uw710251u', '£85,860.59 ', 'Concordia Marklund', 'Civil Partner', '07959 795 234', 4, '463', 1),
(209, '53-5630368', 'Evey Luckman', '898 Butternut Point', '10/08/1992', 'ee740794t', '£26,964.71 ', 'Bradford Rudolf', 'Girlfriend', '07753 919 257', 3, '382', 1),
(210, '70-4763276', 'Nikaniki Scarman', '81 Fallview Avenue', '05/12/1994', 'uu528507s', '£92,757.77 ', 'Letitia Ellph', 'Boyfriend', '07764 688 949', 3, '248', 1),
(211, '55-9770243', 'Janeva Carlet', '5557 Washington Point', '18/07/1974', 'pu508250s', '£35,334.78 ', 'Kimmie McKevitt', 'Boyfriend', '07591 865 044', 4, '463', 1),
(212, '24-9067553', 'Lief Schimann', '4786 Rowland Trail', '01/07/1957', 'xo554182r', '£87,146.69 ', 'Shannon McGinty', 'Girlfriend', '07499 192 522', 4, '460', 1),
(213, '72-3549258', 'Bailey Lewington', '3 Bobwhite Center', '02/02/1993', 'ze015887n', '£90,668.84 ', 'Angus Ranscome', 'Boyfriend', '07105 859 928', 4, '182', 1),
(214, '60-6428015', 'Fayette Hackin', '212 Loomis Trail', '31/03/1986', 'rn693599v', '£51,844.54 ', 'Birgitta Naerup', 'Wife', '07161 526 613', 3, '198', 1),
(215, '30-8953969', 'Will Craik', '50 Florence Junction', '23/04/1998', 'rk384949o', '£85,698.44 ', 'Aaren Lomaz', 'Civil Partner', '07117 843 636', 3, '257', 1),
(216, '99-1372878', 'Annnora Leabeater', '931 Waxwing Pass', '22/07/1962', 'zy295345w', '£84,021.43 ', 'Leena Gorry', 'Father', '07049 508 215', 1, '232', 1),
(217, '90-5035577', 'Isacco Chaperling', '71120 West Crossing', '03/11/1975', 'sn878406k', '£81,126.94 ', 'Cindelyn Gallant', 'Husband', '07583 588 628', 1, '382', 1),
(218, '38-1272080', 'Mozes Fishleigh', '2636 Burning Wood Crossing', '10/04/1952', 'zx396808c', '£42,919.29 ', 'Iolanthe Carlick', 'Girlfriend', '07006 963 911', 4, '392', 1),
(219, '29-5209106', 'Mellisa Mapam', '65 Maryland Junction', '21/12/1961', 'wn277158x', '£85,398.19 ', 'Bastien Hollingshead', 'Girlfriend', '07250 548 384', 4, '274', 1),
(220, '67-6284946', 'Alia Sygroves', '7 Roth Alley', '20/12/1967', 'ws189951j', '£19,945.20 ', 'Alameda Iacobacci', 'Wife', '07244 048 879', 3, '382', 1),
(221, '89-4884561', 'Wynn Winterscale', '931 Warbler Road', '12/12/1989', 'us493269a', '£76,837.12 ', 'Welbie Hearon', 'Mother', '07174 233 681', 1, '53', 1),
(222, '58-0128736', 'Sandye How', '2 Fordem Street', '24/05/1963', 'wj636565x', '£13,440.04 ', 'Ethelbert Warret', 'Boyfriend', '07813 571 441', 3, '53', 1),
(223, '75-9134355', 'Ramonda Overpool', '12879 Mayfield Lane', '01/03/1958', 'ew007431m', '£28,892.13 ', 'Alie Lutz', 'Civil Partner', '07880 354 813', 3, '198', 1),
(224, '87-8762204', 'Patric Izsak', '02 Comanche Place', '10/09/1959', 'lb704495e', '£65,976.34 ', 'Alikee O\'Malley', 'Girlfriend', '07352 836 056', 4, '94', 1),
(225, '41-3216938', 'Joeann Beckerleg', '6442 Dennis Street', '14/12/1992', 'zi901356n', '£56,988.53 ', 'Rustie Ridge', 'Husband', '07462 515 206', 4, '175', 1),
(226, '48-5840838', 'Raquel Stave', '8 Springview Plaza', '21/06/1998', 'yl966209u', '£91,219.79 ', 'Brien Narrie', 'Girlfriend', '07567 015 757', 1, '382', 1),
(227, '52-4726377', 'Vania Simonsson', '666 Hoffman Parkway', '22/12/2001', 'ry740755s', '£90,719.74 ', 'Eduino Gainsboro', 'Civil Partner', '07169 495 661', 1, '198', 1),
(228, '79-9536595', 'Noni Abbatucci', '1 Monterey Center', '18/03/1989', 'nt307553s', '£14,602.61 ', 'Cybil Bemrose', 'Mother', '07078 712 010', 3, '257', 1),
(229, '72-6079643', 'Leonelle Claridge', '09468 Lunder Place', '15/01/1974', 'qv402258l', '£61,662.41 ', 'Harlan Foxton', 'Husband', '07054 759 828', 3, '382', 1),
(230, '40-1037983', 'Odelinda Wardingly', '069 Mesta Road', '07/07/1980', 'bk920804k', '£90,622.48 ', 'Lanny Pendred', 'Boyfriend', '07493 098 720', 3, '198', 1),
(231, '45-1060690', 'Morgen Shortland', '3 Doe Crossing Trail', '17/08/2002', 'vr974451g', '£81,649.14 ', 'Cooper Sillars', 'Husband', '07228 676 244', 1, '392', 1),
(232, '87-8002965', 'Fredericka Mathivat', '370 Mendota Court', '17/04/1989', 'rp358778t', '£68,554.76 ', 'Reeba Lamartine', 'Mother', '07726 563 483', 2, '', 1),
(233, '37-0478226', 'Jenn Alsina', '281 Marquette Drive', '08/12/1987', 'pw357899l', '£40,753.20 ', 'Christoforo Decker', 'Husband', '07396 626 394', 4, '392', 1),
(234, '68-7096348', 'Darsey Fryman', '996 Sauthoff Circle', '30/11/1974', 'gd794016y', '£80,568.78 ', 'Davey Gregan', 'Mother', '07204 221 186', 4, '94', 1),
(235, '67-4076527', 'Clarissa Houson', '1 Granby Pass', '12/05/1975', 'kh895707v', '£35,964.42 ', 'Cordy Sudell', 'Father', '07007 011 997', 4, '53', 1),
(236, '25-9736142', 'Aurore Neilson', '9 Darwin Parkway', '17/02/1981', 'bi255825p', '£53,082.75 ', 'Stearne Chaffer', 'Mother', '07640 868 506', 4, '392', 1),
(237, '14-2911172', 'Koren McCluskey', '6677 Evergreen Plaza', '11/08/1955', 'ox915931w', '£73,800.93 ', 'Rolph Reast', 'Wife', '07388 570 448', 4, '182', 1),
(238, '38-0609594', 'Bev Yakunikov', '50563 Waubesa Point', '07/02/1973', 'ku940218f', '£69,660.66 ', 'Bren Epperson', 'Girlfriend', '07295 123 244', 4, '198', 1),
(239, '36-1480567', 'Skell Swainson', '31 Sundown Terrace', '12/05/1994', 'ib067151y', '£80,604.76 ', 'Nola Yeowell', 'Mother', '07556 127 597', 1, '463', 1),
(240, '63-9446221', 'Tybie Exell', '1 Anderson Plaza', '03/09/1985', 'gi458830f', '£56,541.59 ', 'Alberik Meaton', 'Boyfriend', '07785 086 128', 4, '257', 1),
(241, '97-0147786', 'Haze Rosenbush', '0 Kropf Alley', '10/11/1995', 'wx774255i', '£89,561.58 ', 'Joanie Scholtz', 'Husband', '07244 882 292', 1, '274', 1),
(242, '60-3158201', 'Carlee Shearmur', '2 Vermont Terrace', '28/06/1966', 'lo612272u', '£78,619.51 ', 'Hiram Imrie', 'Husband', '07218 567 891', 3, '248', 1),
(243, '72-9006336', 'Ikey Sholl', '62 North Place', '23/07/1985', 'qf846140g', '£77,016.02 ', 'Marianne Elion', 'Mother', '07866 004 620', 1, '175', 1),
(244, '02-4109274', 'Efren Sealove', '7623 Lien Center', '30/03/1967', 'jk980246h', '£59,217.95 ', 'Aksel Ticehurst', 'Girlfriend', '07496 100 258', 3, '248', 1),
(245, '76-8791360', 'Afton Cassels', '4 Grover Way', '15/06/1984', 'uu202177x', '£30,662.87 ', 'Ryley Schieferstein', 'Mother', '07941 015 817', 3, '461', 1),
(246, '77-1835914', 'Annabelle Caddies', '66 Loomis Alley', '26/03/1964', 'mp067841c', '£94,451.03 ', 'Lucila Farlamb', 'Husband', '07665 666 934', 4, '198', 1),
(247, '82-2609006', 'Cyrus Willmetts', '470 Oakridge Circle', '02/08/1986', 'gx740846k', '£70,654.72 ', 'Levon Bratt', 'Boyfriend', '07123 594 714', 1, '53', 1),
(248, '82-6558984', 'Hebert Zaniolini', '8 Buell Place', '05/09/1991', 'kd209714d', '£50,633.71 ', 'Sim Sacher', 'Father', '07962 176 107', 2, '', 1),
(249, '66-2361006', 'Hillard Milan', '9010 Straubel Park', '06/04/1967', 'og602265e', '£81,724.41 ', 'Janela Jeffels', 'Wife', '07747 406 557', 1, '382', 1),
(250, '15-4783339', 'Ermengarde Breitling', '2376 Brentwood Place', '06/07/1963', 'qh838641y', '£18,516.54 ', 'Bord Bartoletti', 'Mother', '07369 214 958', 1, '12', 1),
(251, '32-3604971', 'Sterling Elgood', '428 8th Point', '05/12/1999', 'eh265089x', '£14,162.95 ', 'Dougy Hamlen', 'Boyfriend', '07003 409 288', 3, '463', 1),
(252, '03-2826761', 'Pyotr Ingham', '81 John Wall Junction', '17/01/1990', 'ys435194s', '£38,532.11 ', 'Brnaby Snoday', 'Husband', '07570 183 764', 4, '182', 1),
(253, '79-1576734', 'Malchy Kempshall', '5 Melby Plaza', '08/04/1950', 'nv658761a', '£48,788.98 ', 'Ossie McBean', 'Civil Partner', '07137 684 264', 4, '392', 1),
(254, '81-8060778', 'Estevan Francesco', '2 Troy Avenue', '16/09/1970', 'sf717839d', '£85,869.29 ', 'Jacki Tupling', 'Boyfriend', '07890 810 674', 1, '177', 1),
(255, '35-2689059', 'Junette Hackforth', '74801 Lakewood Trail', '26/03/1998', 'pr407605t', '£36,180.91 ', 'Wain Corneck', 'Girlfriend', '07089 659 356', 3, '12', 1),
(256, '27-8387260', 'Annetta Cock', '76245 Hoffman Court', '16/07/1984', 'vd818340c', '£90,559.92 ', 'Sara-ann Knoller', 'Civil Partner', '07189 537 844', 3, '198', 1),
(257, '47-3147567', 'Britta Northin', '757 Ramsey Terrace', '11/09/1959', 'yz717919v', '£74,080.45 ', 'Sigmund McLafferty', 'Wife', '07996 723 103', 2, '', 1),
(258, '38-3647372', 'Carey Netley', '279 Helena Place', '22/10/1963', 'lb767754c', '£67,072.08 ', 'Giuseppe Petican', 'Wife', '07685 471 321', 3, '175', 1),
(259, '20-7886428', 'Dael Confort', '0533 Grasskamp Park', '30/12/1999', 'ee121177l', '£56,391.77 ', 'Elisa McNamee', 'Boyfriend', '07173 106 494', 4, '232', 1),
(260, '62-4020686', 'Tait Bremeyer', '82 Calypso Junction', '29/05/1950', 'ie609169k', '£83,142.55 ', 'Gina Manueli', 'Boyfriend', '07640 597 771', 4, '274', 1),
(261, '41-9319442', 'Luisa Burtonwood', '554 Marcy Crossing', '02/12/1975', 'ji602428k', '£48,099.78 ', 'Ezmeralda Ertel', 'Boyfriend', '07929 318 804', 4, '274', 1),
(262, '87-1949652', 'Malcolm Louys', '2 Ronald Regan Pass', '13/02/1996', 'wu157014q', '£72,398.03 ', 'Lelia Heppenspall', 'Mother', '07865 407 286', 3, '463', 1),
(263, '30-7334418', 'Lorita Fere', '9899 Johnson Park', '26/07/1973', 'yh523785h', '£64,340.92 ', 'Darby Lias', 'Husband', '07194 892 472', 4, '198', 1),
(264, '75-0328049', 'Cassy Hiddersley', '9902 Starling Circle', '03/09/1999', 'sg232892l', '£71,258.15 ', 'Samuele Solesbury', 'Wife', '07037 038 101', 4, '248', 1),
(265, '51-0122715', 'Ardyce Calcraft', '953 Green Trail', '31/08/1982', 'kk311112p', '£63,482.01 ', 'Damara Dudny', 'Mother', '07425 771 845', 4, '53', 1),
(266, '67-6903314', 'Dorene Ipplett', '87 Cardinal Court', '16/11/1986', 'ul176502b', '£93,942.93 ', 'Lew O\'Dempsey', 'Mother', '07885 465 113', 4, '12', 1),
(267, '33-1261585', 'Bary Skoof', '20630 Tony Avenue', '02/12/2001', 'fh221614b', '£95,728.74 ', 'Benni Botting', 'Wife', '07639 903 071', 3, '177', 1),
(268, '99-6209168', 'Renaud Skpsey', '4430 Fieldstone Alley', '26/01/2002', 'tm559297a', '£44,136.49 ', 'Clotilda Blues', 'Girlfriend', '07754 815 231', 1, '382', 1),
(269, '99-4988360', 'Carlie Braganza', '806 Sachs Parkway', '16/05/1964', 'ev422969a', '£31,442.08 ', 'Hadleigh Twining', 'Civil Partner', '07302 069 966', 4, '461', 1),
(270, '68-3172017', 'Hayyim Fleay', '3644 Blaine Court', '05/02/1974', 'yh345037b', '£55,384.02 ', 'Aristotle MacGrath', 'Boyfriend', '07717 401 856', 4, '232', 1),
(271, '27-8094243', 'Rhodia Realy', '2748 Wayridge Junction', '23/12/1959', 'sh464311u', '£54,901.54 ', 'Byran Greaser', 'Husband', '07556 017 337', 4, '463', 1),
(272, '89-4176534', 'Conni Orhrt', '92 Moose Park', '09/05/2000', 'ui092814r', '£14,137.68 ', 'Zaneta Shrubb', 'Father', '07613 479 105', 3, '182', 1),
(273, '59-0997098', 'Aila Paolillo', '41 Esker Terrace', '19/03/1975', 'cm005454h', '£14,148.29 ', 'Debera Itzkovich', 'Mother', '07196 432 406', 4, '274', 1),
(274, '06-2857563', 'Osgood Sutherby', '88855 Merrick Road', '20/08/1990', 'ya877759r', '£27,045.62 ', 'Joyann Spellessy', 'Husband', '07873 688 139', 2, '', 1),
(275, '80-7938995', 'Armstrong Ivachyov', '41681 Welch Court', '10/12/1973', 'ly992939e', '£36,204.54 ', 'Fiorenze Elvey', 'Father', '07902 274 458', 3, '392', 1),
(276, '15-6949928', 'Dominique Causon', '2 Mallard Way', '16/11/1978', 'jz826946h', '£61,194.11 ', 'Marwin Haburne', 'Husband', '07467 024 579', 3, '175', 1),
(277, '18-3863597', 'Tamiko Holton', '49 Cody Lane', '15/10/1960', 'dm359618l', '£97,318.42 ', 'Hagen Lantoph', 'Wife', '07512 531 127', 4, '248', 1),
(278, '08-4428147', 'Daryl Chartman', '2413 Ramsey Avenue', '06/08/1996', 'ad905076o', '£58,749.21 ', 'Sydel Dexter', 'Father', '07795 010 970', 4, '460', 1),
(279, '56-3682739', 'Melany Klugel', '14577 Truax Alley', '18/05/1955', 'tg734644m', '£41,959.59 ', 'Shannon Purdy', 'Mother', '07885 597 859', 1, '177', 1),
(280, '64-0621633', 'Sigismundo FitzGibbon', '8 Gina Terrace', '14/06/1981', 'au449889p', '£55,410.48 ', 'Morley Mastrantone', 'Mother', '07615 396 907', 4, '248', 1),
(281, '77-6317806', 'Keelby Pelling', '5 Jay Trail', '22/12/1965', 'hj451937l', '£57,007.18 ', 'Clyve Pedroli', 'Father', '07680 068 925', 1, '248', 1),
(282, '66-2522703', 'Alyss Nance', '0974 Red Cloud Junction', '07/09/1952', 'gy674145h', '£20,416.96 ', 'Natassia Ludvigsen', 'Father', '07785 317 092', 1, '94', 1),
(283, '83-7810679', 'Davie Cutill', '61998 Fisk Lane', '28/12/1961', 'xq363276d', '£92,319.52 ', 'Michale Kluger', 'Husband', '07685 967 303', 4, '175', 1),
(284, '95-3517999', 'Garald Greenrde', '15302 Independence Drive', '04/09/1975', 'hp673805w', '£56,092.80 ', 'Caryl Coyle', 'Girlfriend', '07142 015 007', 4, '248', 1),
(285, '89-6058656', 'Yorgos Philippard', '8976 Dakota Terrace', '13/07/1968', 'bu861195y', '£60,909.78 ', 'Violet Doutch', 'Wife', '07346 373 537', 3, '461', 1),
(286, '01-9065592', 'Catina Josovitz', '09 Center Alley', '09/12/1974', 'gl907590t', '£78,353.10 ', 'Zachariah Trassler', 'Girlfriend', '07670 477 662', 3, '460', 1),
(287, '69-5458568', 'Elvina Matuszynski', '6 Grover Road', '27/05/1956', 'ob669602j', '£76,167.80 ', 'Justinn Maginot', 'Civil Partner', '07255 258 700', 3, '182', 1),
(288, '50-5810953', 'Jarad Thorowgood', '01 East Hill', '24/03/2000', 'fe255201p', '£80,581.88 ', 'Hurlee Bendle', 'Father', '07016 639 458', 3, '53', 1),
(289, '62-4959178', 'Josie Henricsson', '8035 Brown Lane', '06/03/2001', 'oh486872e', '£64,586.93 ', 'Cathyleen Lindfors', 'Husband', '07119 333 689', 4, '257', 1),
(290, '75-0131682', 'Charlot Dignall', '950 Arizona Terrace', '12/05/1972', 'bj869010d', '£15,153.98 ', 'Staci Normadell', 'Girlfriend', '07035 352 138', 4, '94', 1),
(291, '29-6350132', 'Pietro Ochterlony', '75 Weeping Birch Junction', '28/08/1989', 'fv388894k', '£51,249.75 ', 'Willis Deary', 'Girlfriend', '07475 627 111', 4, '382', 1),
(292, '84-3853067', 'Bianka Druce', '5 Pierstorff Plaza', '28/02/1955', 'xa610379g', '£98,768.78 ', 'Marlie Schwaiger', 'Civil Partner', '07055 302 769', 1, '232', 1),
(293, '97-0913105', 'Kelly Farragher', '6 Meadow Vale Trail', '20/10/1980', 'ob677832o', '£52,644.35 ', 'Zaria Tallet', 'Boyfriend', '07473 173 088', 1, '53', 1),
(294, '45-3804689', 'Pauly McDell', '4 Fordem Trail', '18/09/2001', 'ac869050u', '£66,117.54 ', 'Tam Howler', 'Boyfriend', '07107 484 803', 3, '53', 1),
(295, '83-1217063', 'Viola Holleran', '877 Twin Pines Plaza', '23/03/1984', 'zb232750v', '£94,882.77 ', 'Francois Goodrick', 'Civil Partner', '07224 909 347', 3, '94', 1),
(296, '54-7676865', 'Pepillo Maha', '2025 Waxwing Drive', '26/02/1953', 'ii522336e', '£38,143.51 ', 'Manfred Morston', 'Wife', '07857 880 717', 3, '382', 1),
(297, '04-2608361', 'Homer Bresman', '84058 Hayes Parkway', '21/03/1970', 'ku802868l', '£66,224.45 ', 'Ileana Wicken', 'Girlfriend', '07816 723 310', 3, '175', 1),
(298, '42-1134854', 'Norma Budgeon', '5061 Northland Place', '19/01/1986', 'gq875183d', '£45,208.71 ', 'Allie Hambleton', 'Wife', '07583 207 317', 3, '94', 1),
(299, '48-9328765', 'Orsola Francillo', '31360 Debra Junction', '06/06/1970', 'tq009471b', '£98,161.15 ', 'Poul Poznan', 'Wife', '07353 747 279', 4, '248', 1),
(300, '38-5473326', 'Feodora Benning', '620 Sachtjen Center', '18/02/1994', 'kz832424w', '£89,549.75 ', 'Chaddie Kelcey', 'Husband', '07135 140 819', 4, '392', 1),
(301, '10-8148353', 'Frannie Pedron', '85 Meadow Valley Avenue', '10/10/1979', 'kw816523w', '£20,034.33 ', 'Llywellyn Buckley', 'Girlfriend', '07978 885 045', 1, '274', 1),
(302, '43-6568300', 'Gillan Stolberger', '04255 Mayfield Way', '01/06/1985', 'hx200738r', '£92,147.29 ', 'Nickie Driscoll', 'Husband', '07163 688 713', 4, '198', 1),
(303, '92-9480837', 'Phyllis Lalevee', '77169 Sullivan Crossing', '06/03/1962', 'wh734079v', '£38,220.79 ', 'Tallie Huggon', 'Father', '07493 025 274', 3, '460', 1),
(304, '42-2072103', 'Oates Snepp', '684 Park Meadow Junction', '29/07/1967', 'ie180913g', '£42,019.18 ', 'Papageno Baiyle', 'Girlfriend', '07413 999 083', 4, '460', 1),
(305, '42-7011523', 'Giorgia Hynes', '23948 Ruskin Place', '15/01/1963', 'xh499685d', '£44,916.43 ', 'Harper Crutchley', 'Father', '07349 039 768', 4, '175', 1),
(306, '55-3650046', 'Gerek Bardnam', '91085 Maple Court', '29/12/1966', 'xh198735c', '£51,185.61 ', 'Nanete Hassard', 'Boyfriend', '07005 200 200', 3, '248', 1),
(307, '31-5831645', 'Sofia Skoof', '47354 Clyde Gallagher Point', '26/11/1965', 'va211893v', '£58,714.12 ', 'Coleen Tolley', 'Father', '07220 519 362', 3, '53', 1),
(308, '80-3234805', 'Greer Durnford', '44200 Sauthoff Terrace', '16/11/1996', 'ry037414u', '£82,703.39 ', 'Mindy Gatch', 'Girlfriend', '07074 285 151', 4, '198', 1),
(309, '54-6428980', 'Janek Semeradova', '12015 Dayton Trail', '06/08/1966', 'hm636135w', '£89,572.34 ', 'Bald Bennoe', 'Wife', '07580 556 646', 4, '94', 1),
(310, '59-2576093', 'Katerina Barnfield', '34404 Bellgrove Avenue', '26/10/2000', 'jx648488c', '£61,807.51 ', 'Nancy Masterson', 'Father', '07031 588 061', 4, '463', 1),
(311, '07-4724394', 'Christiane Barnes', '2958 Butterfield Point', '25/08/1965', 'vw694872r', '£51,949.10 ', 'Augustine Corstorphine', 'Father', '07793 242 869', 4, '12', 1),
(312, '63-2539882', 'Darelle Peverell', '52683 Aberg Parkway', '08/08/1978', 'pg514115j', '£80,717.20 ', 'Helen Gouda', 'Boyfriend', '07268 106 425', 4, '177', 1);
INSERT INTO `Employee` (`emp_id`, `emp_num`, `emp_name`, `emp_address`, `emp_birthdate`, `emp_NIN`, `emp_salary`, `emp_emergname`, `emp_emergrelation`, `emp_emergphone`, `dep_id`, `boss_id`, `workspace_id`) VALUES
(313, '46-2600043', 'Del Fitter', '4290 Superior Terrace', '26/11/1982', 'tt394813q', '£54,544.33 ', 'Adolph Hedgeman', 'Wife', '07295 967 993', 4, '392', 1),
(314, '86-1870935', 'Gwynne Garrow', '2648 Old Gate Circle', '21/03/2000', 'ds178316s', '£66,379.47 ', 'Philis Gulleford', 'Father', '07838 716 945', 3, '257', 1),
(315, '10-1743239', 'Clareta Bamlet', '1038 Bellgrove Parkway', '09/04/1964', 'tx858508r', '£46,542.99 ', 'Selia Sopp', 'Husband', '07937 394 557', 4, '461', 1),
(316, '79-4798875', 'Iorgo Dowsey', '904 Pond Park', '08/07/2001', 'vv771459v', '£14,568.84 ', 'Mile Scholler', 'Father', '07558 144 894', 3, '198', 1),
(317, '54-8296596', 'Tommie Vallintine', '37 Superior Parkway', '21/11/1973', 'tm808573f', '£87,912.38 ', 'Porter Nance', 'Civil Partner', '07097 155 888', 4, '175', 1),
(318, '55-5908272', 'Petronille Squelch', '67 Golden Leaf Park', '30/01/1987', 'ly831340g', '£65,853.46 ', 'Alden Bourthoumieux', 'Boyfriend', '07435 864 662', 4, '53', 1),
(319, '62-1957072', 'Elliot Allitt', '8 Redwing Court', '17/03/1978', 'nd981367q', '£41,808.84 ', 'Christan Leupoldt', 'Husband', '07699 612 785', 1, '53', 1),
(320, '13-8722134', 'Adler Wheeliker', '018 Lakewood Parkway', '25/01/1979', 'gd959536a', '£97,905.35 ', 'Karel Gully', 'Father', '07088 509 851', 4, '248', 1),
(321, '38-1884801', 'Valida Bootes', '06 Bluejay Way', '23/07/1968', 'hy568138e', '£75,580.43 ', 'Waldemar Plunket', 'Civil Partner', '07417 261 693', 3, '94', 1),
(322, '82-9457047', 'Merralee Vannuchi', '7 Vera Place', '20/01/1986', 'lf092320a', '£56,425.54 ', 'Brnaby Hilhouse', 'Girlfriend', '07346 042 351', 3, '177', 1),
(323, '36-4190617', 'Glyn Canet', '565 Glendale Park', '25/11/1999', 'gr760688u', '£54,281.26 ', 'Nap Muzzlewhite', 'Wife', '07942 102 464', 3, '198', 1),
(324, '38-4369228', 'Merwin Partener', '29021 Clemons Terrace', '16/04/1988', 'ef765749d', '£13,685.06 ', 'Samaria Rennie', 'Civil Partner', '07366 799 382', 3, '461', 1),
(325, '88-4435308', 'Cedric Chazotte', '77 Ilene Parkway', '07/07/1965', 'ji880896f', '£84,591.95 ', 'Friedrich Howsego', 'Father', '07787 734 288', 4, '274', 1),
(326, '81-7038918', 'Fraze Maletratt', '96 Rockefeller Circle', '02/04/1993', 'dr489342o', '£30,986.25 ', 'Ruggiero Kilgrove', 'Civil Partner', '07100 170 818', 4, '392', 1),
(327, '60-0655971', 'Cherie Murch', '3340 Gale Way', '02/12/1963', 'ap253442h', '£12,502.40 ', 'Beitris Morison', 'Boyfriend', '07455 807 075', 1, '248', 1),
(328, '42-0131259', 'Kelsi Cunney', '5 Toban Terrace', '02/07/1955', 'nm508435w', '£92,101.67 ', 'Cassandre Attawell', 'Wife', '07612 472 814', 3, '463', 1),
(329, '11-4556284', 'Joceline Oats', '8 East Pass', '11/08/1963', 'iu795663w', '£19,329.56 ', 'Mariejeanne Prendeville', 'Mother', '07474 771 437', 4, '461', 1),
(330, '27-1540713', 'Raphaela Symon', '41109 Stephen Plaza', '07/03/1983', 'ry550614d', '£72,118.42 ', 'Baudoin Danigel', 'Girlfriend', '07315 752 509', 3, '257', 1),
(331, '83-6435523', 'Bevan Durrell', '18 Butternut Road', '09/02/1950', 'wa954782v', '£24,202.05 ', 'Cris Melladew', 'Mother', '07427 006 306', 4, '461', 1),
(332, '55-4384947', 'Eudora Marten', '6 Corry Road', '19/08/1981', 'mz193764k', '£80,059.87 ', 'Bradly Mitrovic', 'Husband', '07708 980 078', 4, '392', 1),
(333, '22-0788973', 'Kalvin Corrado', '770 Fallview Trail', '07/11/1980', 'ei247057v', '£59,688.79 ', 'Eunice Chmarny', 'Father', '07717 672 468', 3, '232', 1),
(334, '09-4017521', 'Flemming Arnoll', '2 Eggendart Crossing', '03/08/2002', 'sb614856m', '£22,873.04 ', 'Brear Kluge', 'Husband', '07267 762 763', 1, '274', 1),
(335, '06-7381402', 'Pansy Benasik', '777 Welch Junction', '04/03/1953', 'rb727027l', '£41,672.28 ', 'Melodee Sillars', 'Boyfriend', '07822 069 566', 3, '94', 1),
(336, '85-7355238', 'Kial Labden', '55507 Bultman Circle', '07/03/1998', 'ux496294h', '£39,885.17 ', 'Jennee Costock', 'Father', '07362 630 943', 4, '94', 1),
(337, '27-8037561', 'Junina McAirt', '45 Ramsey Junction', '08/07/1988', 'cx516631k', '£39,500.15 ', 'Xaviera Chaves', 'Mother', '07054 012 385', 4, '461', 1),
(338, '20-3044693', 'Raina Yearn', '7 Havey Point', '03/09/1972', 'uz970481u', '£91,757.16 ', 'Caroline Brinicombe', 'Father', '07276 959 298', 3, '382', 1),
(339, '19-0713712', 'Georg De Gouy', '06 Hermina Terrace', '18/01/1993', 'vi744437v', '£37,144.20 ', 'Leoine Ayrs', 'Boyfriend', '07403 137 340', 4, '182', 1),
(340, '76-4940799', 'Anderea Challicombe', '8 Melvin Terrace', '21/03/1999', 'vv690440b', '£87,575.30 ', 'Towny Deetch', 'Civil Partner', '07086 691 240', 4, '12', 1),
(341, '41-3268639', 'Sherlocke Cornner', '00811 Morning Crossing', '15/03/1960', 'uo254689s', '£43,444.78 ', 'Melinda Edelston', 'Mother', '07607 490 054', 3, '257', 1),
(342, '84-9275069', 'Julina Copnar', '8 Randy Court', '01/06/1991', 'xd785936e', '£55,255.85 ', 'Rozelle McCullouch', 'Husband', '07387 875 939', 3, '53', 1),
(343, '54-5318903', 'Stanislaus Ferreli', '5 Northland Park', '20/04/1975', 'sw345892x', '£51,816.24 ', 'Tootsie Holdey', 'Wife', '07329 818 995', 1, '94', 1),
(344, '21-2689388', 'Mildrid Ethington', '4 Buhler Pass', '06/01/1950', 'kp709951v', '£18,703.01 ', 'Cordey Peer', 'Girlfriend', '07645 326 285', 4, '392', 1),
(345, '58-8390431', 'Brandi Andreassen', '008 Service Alley', '12/07/2000', 'ib637202u', '£19,209.80 ', 'Bendicty Macek', 'Husband', '07726 134 897', 3, '392', 1),
(346, '34-4740678', 'Germain Stockow', '102 Haas Junction', '30/05/1981', 'yo417120d', '£56,278.62 ', 'Nobie Scardifeild', 'Mother', '07035 382 913', 4, '257', 1),
(347, '47-5302795', 'Gerardo Brosio', '6949 Bonner Junction', '20/03/1968', 'rb204617t', '£92,669.35 ', 'Haley Kellock', 'Girlfriend', '07487 727 188', 3, '198', 1),
(348, '77-5748543', 'Fanchon Stebbings', '77689 Donald Alley', '15/11/1966', 'xy286906n', '£38,753.87 ', 'Clayton Segar', 'Mother', '07030 174 840', 4, '53', 1),
(349, '63-5722038', 'Vikki Guthrie', '6 Farragut Road', '10/04/1976', 'hx643872o', '£95,626.81 ', 'Kristin Stanhope', 'Civil Partner', '07095 123 826', 4, '248', 1),
(350, '59-8381667', 'Emmey Dallywater', '98705 Forest Run Avenue', '10/04/1953', 'dk443174l', '£92,664.30 ', 'Gabi Crooks', 'Father', '07021 173 423', 1, '463', 1),
(351, '20-6300983', 'Juliann Profit', '047 Mandrake Drive', '11/05/1963', 'bx776119o', '£59,829.91 ', 'Caresa McGeown', 'Girlfriend', '07546 091 676', 3, '460', 1),
(352, '26-9050326', 'Dode Hurtado', '12322 Cottonwood Point', '06/02/2002', 'lm182202b', '£40,814.61 ', 'Cully Galilee', 'Civil Partner', '07898 839 206', 3, '257', 1),
(353, '75-1340477', 'Ferd Uccello', '90243 Karstens Pass', '09/01/1997', 'nu487701k', '£72,024.81 ', 'Edi Haygreen', 'Husband', '07382 538 132', 3, '257', 1),
(354, '05-5646283', 'Karole Roderighi', '6281 Hovde Road', '22/12/1988', 'np061992l', '£83,507.63 ', 'Jacky Schwandt', 'Father', '07787 718 899', 3, '182', 1),
(355, '31-7111614', 'Artemis Adami', '99842 Spenser Point', '17/06/1960', 'bp682069w', '£58,500.47 ', 'Ardyce McAree', 'Mother', '07648 096 231', 3, '463', 1),
(356, '24-9840403', 'Ashley Barcke', '7 Eastlawn Alley', '30/07/1968', 'ww328815i', '£33,391.07 ', 'Iseabal Leidl', 'Girlfriend', '07683 879 132', 4, '274', 1),
(357, '38-8885296', 'Ginelle Morgon', '411 2nd Pass', '26/04/1960', 'ps334310v', '£84,423.53 ', 'Audrey Calafate', 'Boyfriend', '07905 196 224', 4, '248', 1),
(358, '09-8147999', 'Alfonso Pirdue', '201 Garrison Crossing', '27/01/1950', 'pq325071u', '£60,175.71 ', 'Charmain Ewbanck', 'Husband', '07876 106 377', 4, '463', 1),
(359, '30-8456021', 'Tandi Dmitrovic', '5447 Lyons Center', '19/01/1970', 'sr314203n', '£99,223.26 ', 'Florentia Cornelisse', 'Wife', '07465 428 558', 4, '175', 1),
(360, '95-1790755', 'Staford Klarzynski', '02676 Mesta Junction', '09/03/1951', 'lw151180l', '£62,596.85 ', 'Sayre Faint', 'Girlfriend', '07320 940 413', 3, '198', 1),
(361, '68-8976238', 'Florie Reyes', '2 Heffernan Center', '28/11/1999', 'ub855681n', '£98,224.34 ', 'Libbey Van den Bosch', 'Civil Partner', '07623 894 854', 1, '460', 1),
(362, '44-7083318', 'Dari Siene', '57 Randy Point', '29/01/1971', 'ku592945q', '£85,262.11 ', 'Galvan Kaszper', 'Girlfriend', '07814 082 485', 4, '382', 1),
(363, '63-8802366', 'Cody Peasey', '6 Dixon Point', '26/01/1974', 'fu609000b', '£54,393.78 ', 'Joscelin Dumblton', 'Wife', '07719 695 663', 3, '182', 1),
(364, '05-5059849', 'Giffard Endecott', '13672 Caliangt Terrace', '14/03/1953', 'tu153415t', '£30,809.16 ', 'Joela Artois', 'Boyfriend', '07419 063 793', 4, '463', 1),
(365, '76-4086283', 'Laird Stalley', '75447 Norway Maple Park', '05/12/1953', 'fc920310o', '£91,412.37 ', 'Krishna Payle', 'Mother', '07834 640 631', 3, '248', 1),
(366, '56-0484045', 'Lyn Topp', '20 Sloan Circle', '06/06/1979', 'np848289h', '£36,487.51 ', 'Hermine Sapsed', 'Boyfriend', '07245 144 587', 3, '53', 1),
(367, '93-8667645', 'Marna Abramski', '6 Scoville Pass', '15/10/1985', 'gj588599m', '£13,595.15 ', 'Carling Jell', 'Civil Partner', '07345 068 432', 1, '182', 1),
(368, '83-1009344', 'Eba Fiander', '0094 Fallview Terrace', '17/10/1993', 'nf421951o', '£61,818.38 ', 'Emmet Speedy', 'Husband', '07964 772 320', 4, '382', 1),
(369, '11-0990160', 'Rhea Saffle', '77051 Shasta Circle', '12/06/1999', 'el763944v', '£37,907.97 ', 'Jeane Fleet', 'Girlfriend', '07452 139 490', 4, '460', 1),
(370, '68-6940299', 'Tobi Bute', '46 Jenifer Plaza', '31/01/1986', 'mw253204t', '£97,878.28 ', 'Fifi Lamputt', 'Father', '07477 278 621', 3, '382', 1),
(371, '60-6270362', 'Theressa Prentice', '2026 Oak Valley Hill', '18/02/1973', 'qf112815j', '£78,594.80 ', 'Sanders Firsby', 'Husband', '07483 322 111', 4, '12', 1),
(372, '78-0380118', 'Dewitt Gabby', '8 Montana Park', '07/06/1961', 'mo353148n', '£93,187.29 ', 'Marjorie Fraine', 'Wife', '07037 535 429', 3, '382', 1),
(373, '21-3155551', 'Alaric Santarelli', '8757 Thompson Trail', '28/09/1959', 'hn280217c', '£24,449.19 ', 'Durand Klassman', 'Father', '07324 591 670', 4, '12', 1),
(374, '21-4089887', 'Corette Mourbey', '246 Wayridge Hill', '04/06/1983', 'km813203w', '£76,423.32 ', 'Aksel Gallimore', 'Father', '07677 246 578', 3, '94', 1),
(375, '72-0413596', 'Philly Halliberton', '33 Sheridan Road', '23/08/1994', 'mo726896p', '£15,689.28 ', 'Dorthy Savoury', 'Mother', '07911 839 364', 1, '232', 1),
(376, '64-6729020', 'Sarajane Abrams', '26499 Warrior Avenue', '02/01/1985', 'yh646941o', '£87,543.10 ', 'Jamison Richardet', 'Civil Partner', '07608 960 744', 4, '274', 1),
(377, '94-6907133', 'Alica Barthel', '80231 Twin Pines Center', '02/09/1987', 'mw080326p', '£82,703.00 ', 'Torrence Fowells', 'Civil Partner', '07620 698 046', 3, '463', 1),
(378, '42-5263028', 'Corny Leynham', '8 Hansons Drive', '03/03/1972', 'kc800413c', '£82,698.63 ', 'Dorise Polin', 'Civil Partner', '07030 945 316', 4, '257', 1),
(379, '71-4783541', 'Brandise Kondrachenko', '3 Kenwood Alley', '28/02/1961', 'fm459704k', '£49,471.98 ', 'Alica Adnam', 'Civil Partner', '07339 364 526', 4, '248', 1),
(380, '44-1072008', 'Jacob Kelf', '48033 Forest Run Parkway', '25/11/1965', 'zi651705l', '£66,228.12 ', 'Merlina Adolthine', 'Civil Partner', '07498 555 907', 3, '53', 1),
(381, '86-5274202', 'Holden Artharg', '61 Vera Crossing', '11/08/1971', 'cw848240k', '£55,750.53 ', 'George Barczynski', 'Girlfriend', '07927 318 789', 4, '461', 1),
(382, '65-1738561', 'Say Lodwig', '54399 Forest Dale Avenue', '27/08/1987', 'tj978150h', '£17,891.12 ', 'Donella Scullard', 'Boyfriend', '07764 317 881', 2, '', 1),
(383, '22-2051613', 'Alys Feye', '000 Grayhawk Court', '21/01/1975', 'rs859776q', '£50,021.50 ', 'Stearne Coveny', 'Girlfriend', '07552 624 180', 4, '232', 1),
(384, '81-2733835', 'Magdalen McIlwrick', '2099 Debra Trail', '19/01/1974', 'rr316532p', '£41,997.19 ', 'Brendis Saunder', 'Mother', '07747 163 685', 1, '248', 1),
(385, '50-7117246', 'Everett Hoggetts', '4809 Gale Trail', '15/11/1999', 'pk662258w', '£99,084.22 ', 'Justina Steinson', 'Girlfriend', '07978 286 641', 4, '274', 1),
(386, '69-6968657', 'Diannne Scala', '96290 Bunker Hill Hill', '09/07/1955', 'lw629488e', '£86,102.65 ', 'Duke Ruske', 'Father', '07775 640 640', 4, '175', 1),
(387, '78-1195027', 'Meade Ketteman', '47 Nevada Center', '30/07/1950', 'ul369491o', '£17,823.35 ', 'Meridith Lowes', 'Civil Partner', '07881 576 200', 3, '257', 1),
(388, '97-6528129', 'Darn O\'Lunny', '228 Porter Street', '23/06/1962', 'ai316031z', '£23,811.76 ', 'Eilis Decent', 'Husband', '07190 067 060', 3, '12', 1),
(389, '45-1168337', 'Jade Yaakov', '13 Parkside Avenue', '17/02/1986', 'eb401601e', '£95,249.87 ', 'Marybeth Dibben', 'Boyfriend', '07888 296 305', 4, '12', 1),
(390, '01-9983285', 'Evvy Burrill', '18 Pennsylvania Crossing', '02/08/1994', 'pz402630g', '£65,007.09 ', 'Dianne Pease', 'Wife', '07983 466 814', 1, '392', 1),
(391, '58-2471319', 'Constantino Phlippsen', '52 Nevada Road', '21/08/1965', 'vz575305z', '£77,184.02 ', 'Salem Courtliff', 'Boyfriend', '07239 492 326', 4, '248', 1),
(392, '29-2364794', 'Guido Hoopper', '51 Prairieview Alley', '16/07/1986', 'in158664i', '£78,530.16 ', 'Joel Fairham', 'Girlfriend', '07080 664 959', 2, '', 1),
(393, '42-8848918', 'Zahara Pepis', '15 2nd Crossing', '16/03/1992', 'vv722651o', '£17,215.70 ', 'Hayden Monkley', 'Wife', '07958 131 810', 4, '248', 1),
(394, '05-9682452', 'Dorothee Pennell', '90 Rutledge Circle', '27/04/1977', 'bo740928h', '£44,159.39 ', 'Odelle Godsmark', 'Wife', '07530 434 901', 3, '12', 1),
(395, '01-6146269', 'Krispin Eastmond', '584 Twin Pines Place', '25/04/1956', 'oc293284f', '£46,304.52 ', 'Chandra Tiesman', 'Father', '07829 492 462', 3, '460', 1),
(396, '52-6674444', 'Codie Stambridge', '38 Schurz Pass', '11/02/1953', 'ku840832k', '£29,289.03 ', 'Emera Yearne', 'Father', '07206 048 771', 3, '232', 1),
(397, '89-0022888', 'Nelli Esche', '78814 Summer Ridge Court', '04/01/1994', 'nr398078m', '£15,353.78 ', 'Essa Sor', 'Husband', '07629 867 802', 4, '257', 1),
(398, '37-6605556', 'Jacobo Pashba', '101 Linden Crossing', '15/05/1976', 'vg977309d', '£67,037.04 ', 'Goldia Nisard', 'Girlfriend', '07475 211 884', 3, '198', 1),
(399, '69-5925327', 'Sydelle Pelzer', '34635 Dawn Drive', '12/11/1973', 'ap767547i', '£15,069.38 ', 'Katusha Kirkham', 'Civil Partner', '07216 578 917', 4, '460', 1),
(400, '40-1136806', 'Julio Featherstonhalgh', '35498 Jackson Pass', '20/02/1987', 'qr454157y', '£89,162.28 ', 'Scotti Nowill', 'Boyfriend', '07797 601 369', 3, '248', 1),
(401, '04-2798023', 'Cinda Plesing', '57518 Chinook Park', '29/06/1988', 'bl772452l', '£49,509.39 ', 'Corabella Possek', 'Girlfriend', '07171 514 291', 4, '382', 1),
(402, '54-7904459', 'Alexandros Ormesher', '664 Gale Plaza', '15/03/1998', 'sl566148h', '£51,642.73 ', 'Gabriela Wehden', 'Mother', '07904 464 506', 4, '248', 1),
(403, '81-0188200', 'Nadine Davidson', '0 Jana Alley', '19/05/1998', 'eb645921x', '£23,660.37 ', 'Frederique Wheatman', 'Civil Partner', '07068 255 984', 3, '175', 1),
(404, '62-2186332', 'Meridith Bolton', '9 Hooker Avenue', '06/01/1951', 'vw612487d', '£81,390.66 ', 'Delmore Borel', 'Civil Partner', '07050 832 727', 3, '232', 1),
(405, '38-2126707', 'Vinni Champneys', '38416 Susan Plaza', '01/05/1976', 'vn364397s', '£35,513.16 ', 'Giustina Stephen', 'Wife', '07101 430 354', 4, '257', 1),
(406, '01-5576008', 'Jaquenetta Rankin', '3249 Dahle Plaza', '28/12/1988', 'ir187391u', '£42,698.62 ', 'Gustave Benedikt', 'Husband', '07689 714 850', 4, '12', 1),
(407, '67-5304822', 'Taber Nuton', '94646 Charing Cross Parkway', '29/01/1966', 'ig939447u', '£85,586.57 ', 'Taylor Micka', 'Civil Partner', '07239 031 455', 3, '382', 1),
(408, '36-6943031', 'Wolfgang Frake', '97152 Waubesa Center', '28/01/1982', 'op535073z', '£21,505.69 ', 'Ulick Snyder', 'Father', '07013 596 878', 4, '463', 1),
(409, '25-6187206', 'Farlay Haughan', '99 Schurz Plaza', '21/08/1984', 'fg558529z', '£63,905.08 ', 'Sandye De Gouy', 'Husband', '07383 021 093', 3, '463', 1),
(410, '49-6102253', 'Annabelle Fairnie', '12384 Warrior Point', '27/11/1992', 'dl892664i', '£60,436.09 ', 'Gideon Gillivrie', 'Boyfriend', '07257 411 126', 3, '257', 1),
(411, '22-7191567', 'Goddard Bagot', '362 Coleman Way', '24/05/1980', 'lx057194p', '£90,643.98 ', 'Jeremiah Pavlasek', 'Father', '07425 200 343', 3, '12', 1),
(412, '43-7385696', 'Nicky Ipplett', '7153 Merrick Terrace', '25/10/1983', 'tk845900k', '£48,895.33 ', 'Maritsa McGann', 'Wife', '07389 587 350', 3, '461', 1),
(413, '17-3967296', 'Tiffany Wessing', '422 Darwin Lane', '09/03/1983', 'fi082187y', '£69,965.03 ', 'Layne Laurenty', 'Boyfriend', '07925 739 484', 4, '12', 1),
(414, '58-5912504', 'Nappy Ludmann', '3329 Sheridan Junction', '15/08/1991', 'ge941219f', '£51,318.65 ', 'El Grishagin', 'Husband', '07888 438 593', 4, '248', 1),
(415, '98-3556505', 'Douglas MacArdle', '14 Laurel Court', '15/07/1991', 'wk661827y', '£92,356.56 ', 'Lynsey Moraleda', 'Wife', '07652 112 844', 3, '248', 1),
(416, '37-1673392', 'Constantine Gilfillan', '87 Washington Junction', '01/12/1961', 'ct112101i', '£32,245.83 ', 'Alasteir McKeand', 'Wife', '07373 224 784', 1, '461', 1),
(417, '25-4103329', 'Elfrieda Slessar', '5536 Stone Corner Terrace', '02/02/1954', 'ri926857q', '£64,639.39 ', 'Baxie De Rye Barrett', 'Wife', '07594 266 644', 3, '232', 1),
(418, '82-1629865', 'Dag Choules', '53 Blue Bill Park Center', '16/08/1998', 'dz430103g', '£23,537.76 ', 'Nikaniki Stenhouse', 'Husband', '07585 388 400', 3, '248', 1),
(419, '66-1883695', 'Jorge Bonham', '8 2nd Trail', '19/03/1998', 'ql642076f', '£33,284.78 ', 'Tildy Donett', 'Civil Partner', '07996 433 549', 3, '382', 1),
(420, '74-9747670', 'Hymie Dows', '12 Dwight Terrace', '16/11/1965', 'aq304702r', '£62,699.64 ', 'Gerik Graeser', 'Girlfriend', '07753 745 592', 3, '274', 1),
(421, '77-2348932', 'Sal Dominy', '88006 Charing Cross Hill', '30/07/1994', 'ro907653y', '£39,168.52 ', 'Verney Essam', 'Husband', '07173 823 511', 1, '182', 1),
(422, '08-5459846', 'Leola Dayly', '1 Tony Avenue', '24/02/1995', 'xz369649i', '£43,761.91 ', 'Claudetta Plaistowe', 'Civil Partner', '07358 746 653', 3, '248', 1),
(423, '82-2981878', 'Cherida Gocke', '395 Comanche Center', '06/12/1951', 'ej657352g', '£31,735.68 ', 'Erhart Husset', 'Boyfriend', '07683 714 091', 3, '175', 1),
(424, '51-9601829', 'Maressa Hans', '73 Coolidge Park', '13/10/2001', 'er279775r', '£21,773.24 ', 'Nicol Dockray', 'Wife', '07174 952 329', 3, '460', 1),
(425, '49-1036239', 'Onofredo Joontjes', '938 2nd Way', '01/04/1990', 'so040048u', '£36,626.20 ', 'Reinold Kaubisch', 'Husband', '07005 138 853', 3, '53', 1),
(426, '78-9623211', 'Margaretha Kikke', '24 Logan Circle', '08/01/2000', 'uv389552l', '£25,726.10 ', 'Leshia Allcorn', 'Mother', '07341 771 237', 4, '53', 1),
(427, '72-2448628', 'Gina Macrae', '607 Northport Center', '14/05/1961', 'tv211484w', '£36,331.78 ', 'Reeta Feary', 'Wife', '07985 842 262', 4, '12', 1),
(428, '78-8816060', 'Marilyn Glassborow', '6 Waubesa Crossing', '19/11/1978', 'lh695834z', '£90,675.10 ', 'Rivy Gensavage', 'Husband', '07544 911 166', 3, '382', 1),
(429, '06-3850682', 'Celinda Joberne', '5 Jana Way', '03/12/1993', 'lw782748u', '£61,612.72 ', 'Harmon Gindghill', 'Civil Partner', '07285 352 836', 3, '177', 1),
(430, '52-5735024', 'Donica Hewell', '2911 Southridge Hill', '03/01/1978', 'wn058972w', '£34,806.46 ', 'Waylan Kochlin', 'Boyfriend', '07629 713 818', 4, '175', 1),
(431, '02-6214516', 'Merrill Joust', '75 Portage Center', '16/01/1958', 'wa104983f', '£51,515.84 ', 'Amabelle Ferreiro', 'Wife', '07395 862 130', 3, '12', 1),
(432, '57-2548391', 'Wynne Flowitt', '8 Harbort Road', '09/11/1961', 'ns537861h', '£45,230.72 ', 'Lesya Phebey', 'Wife', '07741 907 270', 4, '392', 1),
(433, '79-5517945', 'Darryl Payfoot', '62334 Prairie Rose Drive', '15/10/1955', 'rc413749a', '£84,841.60 ', 'Daloris Lanon', 'Mother', '07102 109 240', 4, '463', 1),
(434, '69-0393201', 'Lissa Egalton', '28673 Bultman Junction', '16/07/1978', 'ep586696m', '£77,974.79 ', 'Bernadene Lowey', 'Wife', '07937 182 672', 4, '94', 1),
(435, '51-7472749', 'Bonnibelle Disley', '9 Vermont Trail', '30/07/1987', 'si278865g', '£32,710.49 ', 'Peyton MacShirie', 'Girlfriend', '07219 511 447', 3, '177', 1),
(436, '62-6726896', 'Marje Cranage', '15 Crescent Oaks Junction', '23/02/1981', 'kt951067x', '£82,421.91 ', 'Jabez Yewman', 'Father', '07280 779 671', 1, '461', 1),
(437, '87-3376412', 'Michaela Shrieve', '78 Raven Road', '13/10/1958', 'jn422060l', '£70,070.27 ', 'Valaree Treadgold', 'Civil Partner', '07427 564 348', 3, '248', 1),
(438, '62-7019089', 'Agnese Murrhardt', '4666 Jay Court', '18/12/1955', 'yz407625p', '£88,965.75 ', 'Bondie Schruyers', 'Father', '07868 628 411', 3, '198', 1),
(439, '80-8617080', 'Salomi Lintin', '29507 Bartillon Terrace', '26/04/1985', 'cc846598u', '£78,695.13 ', 'Delainey Benedtti', 'Mother', '07621 668 278', 3, '460', 1),
(440, '29-2785103', 'Agnes Dendon', '158 Twin Pines Crossing', '17/02/1986', 'kk792060s', '£17,734.18 ', 'Eimile Vial', 'Husband', '07477 622 496', 4, '182', 1),
(441, '71-7837650', 'Shelley Camilletti', '91311 Hauk Avenue', '25/12/1974', 'yx527895g', '£67,736.10 ', 'Malory Hawes', 'Husband', '07066 178 667', 3, '274', 1),
(442, '59-5937939', 'Blancha McMillian', '59 Buhler Trail', '21/07/1991', 'zp730277w', '£89,177.07 ', 'Lizbeth Curbishley', 'Father', '07104 138 411', 3, '175', 1),
(443, '84-0386773', 'Nady Yvens', '84 Mayer Court', '26/05/1993', 'rs150649p', '£82,751.39 ', 'Randall Corriea', 'Husband', '07654 630 110', 3, '461', 1),
(444, '51-6967096', 'Bertina Berard', '1 Almo Place', '18/10/1961', 'ed732328n', '£21,320.75 ', 'Shelly Gimblet', 'Boyfriend', '07107 706 065', 3, '182', 1),
(445, '18-6142811', 'Starr Akhurst', '42 Golf Course Hill', '01/06/1951', 'qj120357r', '£16,005.59 ', 'Augustus Goodluck', 'Mother', '07997 004 063', 4, '94', 1),
(446, '24-4585192', 'Elvira Vinson', '37 Kipling Lane', '10/06/1966', 'sa107205q', '£91,216.82 ', 'Nariko Illsley', 'Civil Partner', '07008 281 309', 4, '460', 1),
(447, '28-7818998', 'Alfi MacFadzean', '6 Old Shore Center', '07/05/1983', 'tp307139n', '£45,825.46 ', 'Caz Dartnell', 'Mother', '07448 651 046', 4, '257', 1),
(448, '19-6732633', 'Ferrell Lages', '39705 Goodland Center', '23/04/1996', 'xb032437g', '£63,515.05 ', 'Ramsey Denacamp', 'Boyfriend', '07342 317 379', 3, '382', 1),
(449, '32-6251861', 'Frederic Ginnaly', '2 Drewry Circle', '02/10/1971', 'rs647299i', '£98,924.54 ', 'Terrijo Piatto', 'Husband', '07870 877 830', 4, '177', 1),
(450, '14-6532726', 'Salim Cator', '74 Lyons Place', '30/05/1988', 'os724826w', '£40,060.04 ', 'Diannne Streight', 'Boyfriend', '07974 403 769', 4, '177', 1),
(451, '40-6943405', 'Charlena Marques', '2800 Dahle Avenue', '24/11/1966', 'vz886203m', '£83,307.32 ', 'Marylinda Titta', 'Girlfriend', '07410 675 062', 3, '198', 1),
(452, '72-9328783', 'Constantia Privett', '162 Moland Terrace', '29/01/1980', 'tx491950i', '£25,686.80 ', 'Bryan Shawdforth', 'Father', '07939 930 407', 4, '248', 1),
(453, '85-4557957', 'Barr Eefting', '234 Susan Lane', '12/11/1976', 'ju063558q', '£44,265.60 ', 'Charla Crickmore', 'Boyfriend', '07512 743 229', 4, '177', 1),
(454, '80-7941049', 'Chiarra Dundridge', '04 Porter Avenue', '10/01/1972', 'ps295181z', '£67,648.79 ', 'Leroi Dingivan', 'Husband', '07244 918 390', 1, '175', 1),
(455, '89-5714177', 'Bobbye Pottinger', '4633 Scott Street', '04/12/1953', 'vy437276r', '£99,191.41 ', 'Budd Follacaro', 'Girlfriend', '07569 513 210', 4, '198', 1),
(456, '77-5513461', 'Noell Azam', '66 Brown Hill', '19/05/1974', 'zk782722r', '£60,586.79 ', 'Dante Snozzwell', 'Boyfriend', '07066 007 108', 3, '182', 1),
(457, '85-0601601', 'Dotti Busek', '32564 Veith Circle', '06/06/1984', 'xc467370v', '£12,043.56 ', 'Adam Roderighi', 'Husband', '07503 037 843', 1, '177', 1),
(458, '36-1132600', 'Danyette Kendrew', '1 Karstens Point', '23/06/2000', 'dc106173c', '£98,386.60 ', 'Madonna McCague', 'Wife', '07187 549 944', 3, '53', 1),
(459, '81-5031235', 'Gill Fulford', '9 Susan Avenue', '20/03/1968', 'vg667583e', '£46,429.85 ', 'Rafaellle Tweedlie', 'Wife', '07036 754 544', 3, '248', 1),
(460, '54-9522118', 'Nari Chowne', '169 Clemons Drive', '17/01/1979', 'vm874796y', '£40,585.75 ', 'Ilsa McAusland', 'Boyfriend', '07064 930 835', 2, '', 1),
(461, '73-2251057', 'Lodovico Ashborne', '7312 Shoshone Court', '24/08/1983', 'cb298473a', '£72,963.41 ', 'Vilhelmina Wrangle', 'Mother', '07750 131 976', 2, '', 1),
(462, '37-8247167', 'Elaina Ramplee', '9 Merry Hill', '12/09/1983', 'eo273727q', '£70,979.93 ', 'Fidela Heaviside', 'Wife', '07081 377 359', 4, '177', 1),
(463, '76-2985832', 'Desirae Gooch', '6306 Reinke Circle', '07/01/1979', 'uc493497v', '£42,779.29 ', 'Phillie Eles', 'Husband', '07925 034 405', 2, '', 1),
(464, '81-5228790', 'Rene Waddup', '47 Southridge Parkway', '08/08/1992', 'vy525798f', '£40,348.66 ', 'Katee Dilrew', 'Father', '07612 660 166', 3, '232', 1),
(465, '08-7213723', 'Dorie Brazener', '7720 Miller Way', '19/01/1966', 'qa101983v', '£14,357.12 ', 'Melody Brotherwood', 'Wife', '07735 358 950', 3, '460', 1),
(466, '39-1227728', 'Tandy Goodbourn', '719 Sloan Drive', '03/10/1996', 'go119787t', '£47,852.85 ', 'Colette Reisk', 'Husband', '07457 814 451', 1, '12', 1),
(467, '84-5153657', 'Catharine Sharpous', '081 Hermina Trail', '10/08/1983', 'vg979335t', '£98,273.90 ', 'Hamnet Hamly', 'Wife', '07692 458 187', 3, '463', 1),
(468, '75-0124112', 'Jennica Welbeck', '78916 Green Ridge Trail', '18/04/1952', 'ma973579k', '£57,947.01 ', 'Abbey Waryk', 'Boyfriend', '07260 273 133', 4, '461', 1),
(469, '89-1889473', 'Alysa Marley', '0906 Duke Point', '14/05/1988', 'ap444024o', '£79,091.50 ', 'Pattie Bohl', 'Girlfriend', '07158 470 617', 4, '12', 1),
(470, '84-8762859', 'Hewett Collcutt', '453 Emmet Center', '05/07/1953', 'nk424390j', '£21,438.35 ', 'Izzy Ahlf', 'Father', '07044 089 640', 3, '12', 1),
(471, '00-4334715', 'Stormie Lowndes', '280 Thompson Plaza', '20/11/1964', 'xn991742p', '£66,017.87 ', 'Anastasia Camamile', 'Civil Partner', '07043 627 535', 1, '53', 1),
(472, '66-2765926', 'Jacinta Partleton', '3957 Hoard Place', '15/10/1962', 'sh419152d', '£96,193.45 ', 'Rand Madrell', 'Civil Partner', '07252 015 009', 3, '53', 1),
(473, '14-4001908', 'Wilmette Jerrom', '6 Monica Way', '30/10/1974', 'gb391445q', '£34,082.14 ', 'Zaneta Deddum', 'Mother', '07529 897 607', 4, '53', 1),
(474, '87-8745898', 'Harwell Lain', '11 Bartelt Terrace', '31/01/1978', 'yz604658j', '£60,453.87 ', 'Elston Loins', 'Girlfriend', '07930 606 296', 4, '232', 1),
(475, '05-3647243', 'Yank Vasilyonok', '5 Debs Alley', '23/02/1999', 'kc608204k', '£38,871.26 ', 'Arlie Korfmann', 'Husband', '07348 062 445', 4, '232', 1),
(476, '33-0071114', 'Nola Wilcox', '7055 Southridge Drive', '06/01/1985', 'aq503711l', '£61,500.70 ', 'Madelaine Hutt', 'Mother', '07734 801 502', 1, '94', 1),
(477, '37-7900056', 'Victoir Loveitt', '7 Judy Parkway', '05/02/1996', 'vd479897l', '£24,486.52 ', 'Leon McCotter', 'Father', '07126 636 219', 4, '198', 1),
(478, '68-7504033', 'Brandi Clayson', '7 Myrtle Circle', '22/11/1963', 'kn988197t', '£37,302.00 ', 'Glenden Livett', 'Civil Partner', '07613 591 203', 3, '12', 1),
(479, '83-3514873', 'Roscoe Honeyghan', '89 Golden Leaf Drive', '11/11/1977', 'lv730967l', '£93,281.90 ', 'Ferrell Scruton', 'Boyfriend', '07455 760 917', 4, '94', 1),
(480, '75-6891165', 'Robinett Iacopini', '2224 Kensington Street', '27/08/1961', 'lq983512u', '£62,045.69 ', 'Stepha Doohan', 'Husband', '07728 862 325', 3, '460', 1),
(481, '54-1117411', 'Schuyler Stoffels', '31 Carioca Terrace', '20/09/1980', 'sh512546i', '£41,087.65 ', 'Sisely Castelin', 'Mother', '07152 080 965', 3, '274', 1),
(482, '41-1429269', 'Jacki Rumin', '84 Kipling Parkway', '21/01/1991', 'rp562470q', '£81,648.46 ', 'Northrup Pittendreigh', 'Mother', '07603 027 379', 3, '460', 1),
(483, '26-0938951', 'Fabe Lief', '94 Gerald Crossing', '02/01/1980', 'cc841112d', '£56,639.65 ', 'Kev Bradmore', 'Boyfriend', '07180 333 916', 3, '274', 1),
(484, '63-1545651', 'Dedra MacConnulty', '22342 Sauthoff Center', '13/05/1989', 'zc732912g', '£85,921.50 ', 'Wallache Ropkins', 'Girlfriend', '07410 226 285', 4, '12', 1),
(485, '76-0000021', 'Norton Bygrove', '0412 Packers Lane', '09/12/1952', 'xx491915v', '£43,733.47 ', 'Agatha Nulty', 'Girlfriend', '07895 871 178', 1, '182', 1),
(486, '96-1648398', 'Hugues Tavner', '78 Parkside Point', '03/12/1980', 'va219127u', '£37,393.68 ', 'Tobe Vazquez', 'Boyfriend', '07936 699 391', 3, '463', 1),
(487, '92-9623071', 'Wait Prate', '0367 Moose Hill', '24/08/2000', 'bn415170d', '£95,732.18 ', 'Umberto Mulrooney', 'Boyfriend', '07291 039 769', 3, '175', 1),
(488, '41-9645109', 'Merrel Miklem', '00 Marcy Trail', '27/07/2000', 'ls403208x', '£39,131.10 ', 'Creighton Hinzer', 'Girlfriend', '07394 851 273', 3, '463', 1),
(489, '68-7037451', 'Saree Starling', '1 Artisan Drive', '07/10/1973', 'ct629800a', '£34,145.23 ', 'Duane Mitton', 'Civil Partner', '07087 447 204', 4, '53', 1),
(490, '87-7188668', 'Salli Oulner', '26 Pepper Wood Parkway', '24/10/1957', 'kt389837b', '£90,004.65 ', 'Kane Piers', 'Husband', '07453 022 869', 1, '182', 1),
(491, '87-4453963', 'Sibeal Fullard', '6296 Pleasure Road', '16/12/1978', 'er088315j', '£46,783.79 ', 'Nonie Ledgard', 'Girlfriend', '07316 951 272', 3, '248', 1),
(492, '49-9705882', 'Quentin Devine', '09 Knutson Park', '08/02/1962', 'fm907610k', '£23,326.81 ', 'Kass Haysman', 'Girlfriend', '07480 332 736', 3, '232', 1),
(493, '18-9171336', 'Sallie Hardwell', '6 Golf View Pass', '20/09/1983', 'yx656704n', '£80,829.14 ', 'Marsh Abilowitz', 'Wife', '07026 832 505', 4, '182', 1),
(494, '28-7012669', 'Rahel Gallo', '798 Karstens Parkway', '15/05/1997', 'kz848071o', '£60,391.38 ', 'Ahmad Muge', 'Boyfriend', '07028 898 207', 1, '53', 1),
(495, '49-1159362', 'Valeria Proschek', '6 Red Cloud Court', '18/02/1996', 'xd817271x', '£97,436.14 ', 'Der Merner', 'Girlfriend', '07472 485 627', 3, '53', 1),
(496, '63-1925261', 'Willyt Ezzy', '61751 Burrows Drive', '12/06/1983', 'vy468006g', '£14,811.14 ', 'Sallyanne Minchinton', 'Father', '07491 768 068', 3, '461', 1),
(497, '20-7194686', 'Carolin Jagson', '57891 Bultman Circle', '06/12/1953', 'yb039141a', '£56,278.56 ', 'Grove Spellissy', 'Husband', '07555 870 467', 1, '175', 1),
(498, '06-3776558', 'Kristofer Janson', '18140 Straubel Road', '01/03/1972', 'pw205885r', '£94,483.61 ', 'Boony Hardwell', 'Wife', '07211 259 256', 4, '274', 3),
(499, '34-2817296', 'Jemmy Levens', '298 Elka Alley', '26/09/1950', 'dw387671h', '£31,521.70 ', 'Shannon Kesteven', 'Father', '07543 934 498', 4, '382', 1),
(500, '96-0987852', 'Nataline Roycroft', '52339 Eastlawn Crossing', '04/06/1967', 'rc734008g', '£81,005.05 ', 'Danny Heinsen', 'Father', '07194 408 632', 4, '248', 1),
(506, '55-3623151', 'Malissia Osgardby ', '29416 Grover Alley', '26/12/1989', 'it152291r', '£17424.03', 'Marcie Prattington', 'Mother', '07297 230 400', 3, '12', 3);

--
-- Triggers `Employee`
--
DELIMITER $$
CREATE TRIGGER `audit` AFTER DELETE ON `Employee` FOR EACH ROW BEGIN

   INSERT INTO Audit
   ( emp_num,
     aud_date,
     boss_id)
   VALUES
   ( OLD.emp_num,
     SYSDATE(),
     OLD.boss_id);

END
$$
DELIMITER ;

-- --------------------------------------------------------

--
-- Table structure for table `Workspace`
--

CREATE TABLE `Workspace` (
  `workspace_id` int(11) NOT NULL,
  `type_id` int(11) NOT NULL,
  `workspace_size` int(30) NOT NULL,
  `workspace_purpose` varchar(100) NOT NULL,
  `location_id` int(11) NOT NULL
) ENGINE=InnoDB DEFAULT CHARSET=utf8;

--
-- Dumping data for table `Workspace`
--

INSERT INTO `Workspace` (`workspace_id`, `type_id`, `workspace_size`, `workspace_purpose`, `location_id`) VALUES
(1, 1, 15000, 'its main office', 1),
(2, 2, 2000, 'its the warehouse in stockport', 3);

-- --------------------------------------------------------

--
-- Table structure for table `Workspace_location`
--

CREATE TABLE `Workspace_location` (
  `work_location_id` int(11) NOT NULL,
  `location_name` varchar(30) NOT NULL,
  `location_address` varchar(300) NOT NULL
) ENGINE=InnoDB DEFAULT CHARSET=utf8;

--
-- Dumping data for table `Workspace_location`
--

INSERT INTO `Workspace_location` (`work_location_id`, `location_name`, `location_address`) VALUES
(1, 'London', '127 London Rd, Oldham OL1 4BW'),
(2, 'Manchester', '127 Oxford Rd, Picadilly M11 7BH'),
(3, 'Stockport', '100 Stockport Rd, Lancashire OL1 4BW');

-- --------------------------------------------------------

--
-- Table structure for table `Workspace_type`
--

CREATE TABLE `Workspace_type` (
  `type_id` int(11) NOT NULL,
  `name` varchar(30) NOT NULL
) ENGINE=InnoDB DEFAULT CHARSET=utf8;

--
-- Dumping data for table `Workspace_type`
--

INSERT INTO `Workspace_type` (`type_id`, `name`) VALUES
(1, 'Office'),
(2, 'Warehouse');

--
-- Indexes for dumped tables
--

--
-- Indexes for table `Audit`
--
ALTER TABLE `Audit`
  ADD PRIMARY KEY (`aud_id`),
  ADD KEY `who_deleted` (`boss_id`);

--
-- Indexes for table `Department`
--
ALTER TABLE `Department`
  ADD PRIMARY KEY (`dep_id`);

--
-- Indexes for table `Employee`
--
ALTER TABLE `Employee`
  ADD PRIMARY KEY (`emp_id`),
  ADD KEY `Department` (`dep_id`),
  ADD KEY `Boss` (`boss_id`),
  ADD KEY `Workspace` (`workspace_id`);

--
-- Indexes for table `Workspace`
--
ALTER TABLE `Workspace`
  ADD PRIMARY KEY (`workspace_id`),
  ADD KEY `type` (`type_id`),
  ADD KEY `location` (`location_id`);

--
-- Indexes for table `Workspace_location`
--
ALTER TABLE `Workspace_location`
  ADD PRIMARY KEY (`work_location_id`);

--
-- Indexes for table `Workspace_type`
--
ALTER TABLE `Workspace_type`
  ADD PRIMARY KEY (`type_id`);

--
-- AUTO_INCREMENT for dumped tables
--

--
-- AUTO_INCREMENT for table `Audit`
--
ALTER TABLE `Audit`
  MODIFY `aud_id` int(11) NOT NULL AUTO_INCREMENT, AUTO_INCREMENT=21;

--
-- AUTO_INCREMENT for table `Department`
--
ALTER TABLE `Department`
  MODIFY `dep_id` int(11) NOT NULL AUTO_INCREMENT, AUTO_INCREMENT=5;

--
-- AUTO_INCREMENT for table `Employee`
--
ALTER TABLE `Employee`
  MODIFY `emp_id` int(11) NOT NULL AUTO_INCREMENT, AUTO_INCREMENT=507;

--
-- AUTO_INCREMENT for table `Workspace`
--
ALTER TABLE `Workspace`
  MODIFY `workspace_id` int(11) NOT NULL AUTO_INCREMENT, AUTO_INCREMENT=3;

--
-- AUTO_INCREMENT for table `Workspace_location`
--
ALTER TABLE `Workspace_location`
  MODIFY `work_location_id` int(11) NOT NULL AUTO_INCREMENT, AUTO_INCREMENT=4;

--
-- AUTO_INCREMENT for table `Workspace_type`
--
ALTER TABLE `Workspace_type`
  MODIFY `type_id` int(11) NOT NULL AUTO_INCREMENT, AUTO_INCREMENT=3;

--
-- Constraints for dumped tables
--

--
-- Constraints for table `Employee`
--
ALTER TABLE `Employee`
  ADD CONSTRAINT `Department` FOREIGN KEY (`dep_id`) REFERENCES `Department` (`dep_id`) ON DELETE NO ACTION ON UPDATE NO ACTION;

--
-- Constraints for table `Workspace`
--
ALTER TABLE `Workspace`
  ADD CONSTRAINT `location` FOREIGN KEY (`location_id`) REFERENCES `Workspace_location` (`work_location_id`) ON DELETE NO ACTION ON UPDATE NO ACTION,
  ADD CONSTRAINT `type` FOREIGN KEY (`type_id`) REFERENCES `Workspace_type` (`type_id`) ON DELETE NO ACTION ON UPDATE NO ACTION;
COMMIT;

/*!40101 SET CHARACTER_SET_CLIENT=@OLD_CHARACTER_SET_CLIENT */;
/*!40101 SET CHARACTER_SET_RESULTS=@OLD_CHARACTER_SET_RESULTS */;
/*!40101 SET COLLATION_CONNECTION=@OLD_COLLATION_CONNECTION */;
